,minutes,goals_scored,assists,clean_sheets,goals_conceded,own_goals,penalties_saved,penalties_missed,yellow_cards,red_cards,saves,bonus,bps,influence,creativity,threat,ict_index,total_points,in_dreamteam,id,gameweek,fixture
0,90,0,0,1,0,0,0,0,0,0,0,0,21,5.2,0.0,0.0,0.5,6,False,14,18,"[{'fixture': 174, 'stats': [{'identifier': 'minutes', 'points': 2, 'value': 90}, {'identifier': 'clean_sheets', 'points': 4, 'value': 1}]}]"
1,0,0,0,0,0,0,0,0,0,0,0,0,0,0.0,0.0,0.0,0.0,0,False,27,18,"[{'fixture': 171, 'stats': [{'identifier': 'minutes', 'points': 0, 'value': 0}]}]"
2,90,0,0,0,1,0,0,0,0,0,1,0,14,14.2,0.0,0.0,1.4,2,False,47,18,"[{'fixture': 173, 'stats': [{'identifier': 'minutes', 'points': 2, 'value': 90}]}]"
3,0,0,0,0,0,0,0,0,0,0,0,0,0,0.0,0.0,0.0,0.0,0,False,48,18,"[{'fixture': 173, 'stats': [{'identifier': 'minutes', 'points': 0, 'value': 0}]}]"
4,0,0,0,0,0,0,0,0,0,0,0,0,0,0.0,0.0,0.0,0.0,0,False,72,18,"[{'fixture': 172, 'stats': [{'identifier': 'minutes', 'points': 0, 'value': 0}]}]"
5,0,0,0,0,0,0,0,0,0,0,0,0,0,0.0,0.0,0.0,0.0,0,False,73,18,"[{'fixture': 172, 'stats': [{'identifier': 'minutes', 'points': 0, 'value': 0}]}]"
6,0,0,0,0,0,0,0,0,0,0,0,0,0,0.0,0.0,0.0,0.0,0,False,74,18,"[{'fixture': 172, 'stats': [{'identifier': 'minutes', 'points': 0, 'value': 0}]}]"
7,90,0,0,1,0,0,0,0,0,0,0,1,22,2.4,0.0,0.0,0.2,7,False,93,18,"[{'fixture': 172, 'stats': [{'identifier': 'minutes', 'points': 2, 'value': 90}, {'identifier': 'clean_sheets', 'points': 4, 'value': 1}, {'identifier': 'bonus', 'points': 1, 'value': 1}]}]"
8,90,0,0,0,3,0,0,0,0,0,5,0,20,30.0,0.0,0.0,3.0,2,False,94,18,"[{'fixture': 171, 'stats': [{'identifier': 'minutes', 'points': 2, 'value': 90}, {'identifier': 'goals_conceded', 'points': -1, 'value': 3}, {'identifier': 'saves', 'points': 1, 'value': 5}]}]"
9,0,0,0,0,0,0,0,0,0,0,0,0,0,0.0,0.0,0.0,0.0,0,False,95,18,"[{'fixture': 172, 'stats': [{'identifier': 'minutes', 'points': 0, 'value': 0}]}]"
10,90,0,0,1,0,0,0,0,0,0,1,0,23,13.6,0.0,0.0,1.4,6,False,111,18,"[{'fixture': 178, 'stats': [{'identifier': 'minutes', 'points': 2, 'value': 90}, {'identifier': 'clean_sheets', 'points': 4, 'value': 1}]}]"
11,0,0,0,0,0,0,0,0,0,0,0,0,0,0.0,0.0,0.0,0.0,0,False,112,18,"[{'fixture': 178, 'stats': [{'identifier': 'minutes', 'points': 0, 'value': 0}]}]"
12,90,0,0,0,1,0,0,0,0,0,2,0,13,15.4,0.0,0.0,1.5,2,False,131,18,"[{'fixture': 176, 'stats': [{'identifier': 'minutes', 'points': 2, 'value': 90}]}]"
13,0,0,0,0,0,0,0,0,0,0,0,0,0,0.0,0.0,0.0,0.0,0,False,132,18,"[{'fixture': 176, 'stats': [{'identifier': 'minutes', 'points': 0, 'value': 0}]}]"
14,90,0,0,1,0,0,0,0,0,0,2,0,23,20.2,0.0,0.0,2.0,6,False,148,18,"[{'fixture': 174, 'stats': [{'identifier': 'minutes', 'points': 2, 'value': 90}, {'identifier': 'clean_sheets', 'points': 4, 'value': 1}]}]"
15,0,0,0,0,0,0,0,0,0,0,0,0,0,0.0,0.0,0.0,0.0,0,False,149,18,"[{'fixture': 174, 'stats': [{'identifier': 'minutes', 'points': 0, 'value': 0}]}]"
16,90,0,0,0,3,0,0,0,0,0,9,1,30,73.0,0.0,0.0,7.3,5,False,168,18,"[{'fixture': 175, 'stats': [{'identifier': 'minutes', 'points': 2, 'value': 90}, {'identifier': 'goals_conceded', 'points': -1, 'value': 3}, {'identifier': 'saves', 'points': 3, 'value': 9}, {'identifier': 'bonus', 'points': 1, 'value': 1}]}]"
17,0,0,0,0,0,0,0,0,0,0,0,0,0,0.0,0.0,0.0,0.0,0,False,169,18,"[{'fixture': 175, 'stats': [{'identifier': 'minutes', 'points': 0, 'value': 0}]}]"
18,0,0,0,0,0,0,0,0,0,0,0,0,0,0.0,0.0,0.0,0.0,0,False,170,18,"[{'fixture': 175, 'stats': [{'identifier': 'minutes', 'points': 0, 'value': 0}]}]"
19,0,0,0,0,0,0,0,0,0,0,0,0,0,0.0,0.0,0.0,0.0,0,False,189,18,[]
20,0,0,0,0,0,0,0,0,0,0,0,0,0,0.0,0.0,0.0,0.0,0,False,190,18,[]
21,90,0,0,0,1,0,0,0,0,0,1,0,16,9.4,0.0,0.0,0.9,2,False,212,18,"[{'fixture': 175, 'stats': [{'identifier': 'minutes', 'points': 2, 'value': 90}]}]"
22,0,0,0,0,0,0,0,0,0,0,0,0,0,0.0,0.0,0.0,0.0,0,False,213,18,"[{'fixture': 175, 'stats': [{'identifier': 'minutes', 'points': 0, 'value': 0}]}]"
23,90,0,0,0,2,0,0,0,0,0,1,0,7,1.6,0.0,0.0,0.2,1,False,235,18,"[{'fixture': 179, 'stats': [{'identifier': 'minutes', 'points': 2, 'value': 90}, {'identifier': 'goals_conceded', 'points': -1, 'value': 2}]}]"
24,0,0,0,0,0,0,0,0,0,0,0,0,0,0.0,0.0,0.0,0.0,0,False,236,18,"[{'fixture': 179, 'stats': [{'identifier': 'minutes', 'points': 0, 'value': 0}]}]"
25,0,0,0,0,0,0,0,0,0,0,0,0,0,0.0,0.0,0.0,0.0,0,False,237,18,"[{'fixture': 179, 'stats': [{'identifier': 'minutes', 'points': 0, 'value': 0}]}]"
26,90,0,0,1,0,0,0,0,0,0,4,1,27,34.4,0.0,0.0,3.4,8,False,262,18,"[{'fixture': 176, 'stats': [{'identifier': 'minutes', 'points': 2, 'value': 90}, {'identifier': 'clean_sheets', 'points': 4, 'value': 1}, {'identifier': 'saves', 'points': 1, 'value': 4}, {'identifier': 'bonus', 'points': 1, 'value': 1}]}]"
27,0,0,0,0,0,0,0,0,0,0,0,0,0,0.0,0.0,0.0,0.0,0,False,263,18,"[{'fixture': 176, 'stats': [{'identifier': 'minutes', 'points': 0, 'value': 0}]}]"
28,0,0,0,0,0,0,0,0,0,0,0,0,0,0.0,0.0,0.0,0.0,0,False,264,18,"[{'fixture': 176, 'stats': [{'identifier': 'minutes', 'points': 0, 'value': 0}]}]"
29,90,0,0,0,2,0,0,0,0,0,2,0,12,19.2,0.0,0.0,1.9,1,False,280,18,"[{'fixture': 177, 'stats': [{'identifier': 'minutes', 'points': 2, 'value': 90}, {'identifier': 'goals_conceded', 'points': -1, 'value': 2}]}]"
30,0,0,0,0,0,0,0,0,0,0,0,0,0,0.0,0.0,0.0,0.0,0,False,281,18,"[{'fixture': 177, 'stats': [{'identifier': 'minutes', 'points': 0, 'value': 0}]}]"
31,0,0,0,0,0,0,0,0,0,0,0,0,0,0.0,0.0,0.0,0.0,0,False,299,18,"[{'fixture': 173, 'stats': [{'identifier': 'minutes', 'points': 0, 'value': 0}]}]"
32,0,0,0,0,0,0,0,0,0,0,0,0,0,0.0,0.0,0.0,0.0,0,False,317,18,"[{'fixture': 171, 'stats': [{'identifier': 'minutes', 'points': 0, 'value': 0}]}]"
33,90,0,0,0,1,0,0,0,0,0,5,0,20,30.8,0.0,0.0,3.1,3,False,318,18,"[{'fixture': 171, 'stats': [{'identifier': 'minutes', 'points': 2, 'value': 90}, {'identifier': 'saves', 'points': 1, 'value': 5}]}]"
34,0,0,0,0,0,0,0,0,0,0,0,0,0,0.0,0.0,0.0,0.0,0,False,319,18,"[{'fixture': 171, 'stats': [{'identifier': 'minutes', 'points': 0, 'value': 0}]}]"
35,0,0,0,0,0,0,0,0,0,0,0,0,0,0.0,0.0,0.0,0.0,0,False,340,18,"[{'fixture': 178, 'stats': [{'identifier': 'minutes', 'points': 0, 'value': 0}]}]"
36,90,0,0,0,2,0,0,0,1,0,1,0,3,0.0,0.0,0.0,0.0,0,False,341,18,"[{'fixture': 178, 'stats': [{'identifier': 'minutes', 'points': 2, 'value': 90}, {'identifier': 'goals_conceded', 'points': -1, 'value': 2}, {'identifier': 'yellow_cards', 'points': -1, 'value': 1}]}]"
37,90,0,0,1,0,0,0,0,0,0,8,3,37,53.2,0.0,0.0,5.3,11,False,366,18,"[{'fixture': 179, 'stats': [{'identifier': 'minutes', 'points': 2, 'value': 90}, {'identifier': 'clean_sheets', 'points': 4, 'value': 1}, {'identifier': 'saves', 'points': 2, 'value': 8}, {'identifier': 'bonus', 'points': 3, 'value': 3}]}]"
38,0,0,0,0,0,0,0,0,0,0,0,0,0,0.0,0.0,0.0,0.0,0,False,367,18,"[{'fixture': 179, 'stats': [{'identifier': 'minutes', 'points': 0, 'value': 0}]}]"
39,0,0,0,0,0,0,0,0,0,0,0,0,0,0.0,0.0,0.0,0.0,0,False,388,18,[]
40,90,0,0,0,1,0,0,0,0,0,6,0,20,43.2,0.0,0.0,4.3,4,False,411,18,"[{'fixture': 177, 'stats': [{'identifier': 'minutes', 'points': 2, 'value': 90}, {'identifier': 'saves', 'points': 2, 'value': 6}]}]"
41,0,0,0,0,0,0,0,0,0,0,0,0,0,0.0,0.0,0.0,0.0,0,False,412,18,"[{'fixture': 177, 'stats': [{'identifier': 'minutes', 'points': 0, 'value': 0}]}]"
42,0,0,0,0,0,0,0,0,0,0,0,0,0,0.0,0.0,0.0,0.0,0,False,413,18,"[{'fixture': 177, 'stats': [{'identifier': 'minutes', 'points': 0, 'value': 0}]}]"
43,0,0,0,0,0,0,0,0,0,0,0,0,0,0.0,0.0,0.0,0.0,0,False,427,18,"[{'fixture': 174, 'stats': [{'identifier': 'minutes', 'points': 0, 'value': 0}]}]"
44,0,0,0,0,0,0,0,0,0,0,0,0,0,0.0,0.0,0.0,0.0,0,False,429,18,"[{'fixture': 171, 'stats': [{'identifier': 'minutes', 'points': 0, 'value': 0}]}]"
45,0,0,0,0,0,0,0,0,0,0,0,0,0,0.0,0.0,0.0,0.0,0,False,436,18,"[{'fixture': 173, 'stats': [{'identifier': 'minutes', 'points': 0, 'value': 0}]}]"
46,0,0,0,0,0,0,0,0,0,0,0,0,0,0.0,0.0,0.0,0.0,0,False,449,18,"[{'fixture': 177, 'stats': [{'identifier': 'minutes', 'points': 0, 'value': 0}]}]"
47,0,0,0,0,0,0,0,0,0,0,0,0,0,0.0,0.0,0.0,0.0,0,False,450,18,[]
48,90,0,1,1,0,0,0,0,0,0,2,3,34,14.2,0.0,0.0,1.4,12,True,471,18,"[{'fixture': 173, 'stats': [{'identifier': 'minutes', 'points': 2, 'value': 90}, {'identifier': 'assists', 'points': 3, 'value': 1}, {'identifier': 'clean_sheets', 'points': 4, 'value': 1}, {'identifier': 'bonus', 'points': 3, 'value': 3}]}]"
49,0,0,0,0,0,0,0,0,0,0,0,0,0,0.0,0.0,0.0,0.0,0,False,474,18,"[{'fixture': 171, 'stats': [{'identifier': 'minutes', 'points': 0, 'value': 0}]}]"
50,0,0,0,0,0,0,0,0,0,0,0,0,0,0.0,0.0,0.0,0.0,0,False,479,18,"[{'fixture': 174, 'stats': [{'identifier': 'minutes', 'points': 0, 'value': 0}]}]"
51,90,0,0,0,1,0,0,0,0,0,0,0,11,4.6,0.0,0.0,0.5,2,False,494,18,"[{'fixture': 172, 'stats': [{'identifier': 'minutes', 'points': 2, 'value': 90}]}]"
52,0,0,0,0,0,0,0,0,0,0,0,0,0,0.0,0.0,0.0,0.0,0,False,495,18,"[{'fixture': 172, 'stats': [{'identifier': 'minutes', 'points': 0, 'value': 0}]}]"
53,0,0,0,0,0,0,0,0,0,0,0,0,0,0.0,0.0,0.0,0.0,0,False,513,18,"[{'fixture': 179, 'stats': [{'identifier': 'minutes', 'points': 0, 'value': 0}]}]"
54,0,0,0,0,0,0,0,0,0,0,0,0,0,0.0,0.0,0.0,0.0,0,False,521,18,"[{'fixture': 173, 'stats': [{'identifier': 'minutes', 'points': 0, 'value': 0}]}]"
55,0,0,0,0,0,0,0,0,0,0,0,0,0,0.0,0.0,0.0,0.0,0,False,526,18,[]
56,0,0,0,0,0,0,0,0,0,0,0,0,0,0.0,0.0,0.0,0.0,0,False,530,18,[]
57,0,0,0,0,0,0,0,0,0,0,0,0,0,0.0,0.0,0.0,0.0,0,False,531,18,[]
58,0,0,0,0,0,0,0,0,0,0,0,0,0,0.0,0.0,0.0,0.0,0,False,543,18,"[{'fixture': 178, 'stats': [{'identifier': 'minutes', 'points': 0, 'value': 0}]}]"
59,0,0,0,0,0,0,0,0,0,0,0,0,0,0.0,0.0,0.0,0.0,0,False,548,18,"[{'fixture': 171, 'stats': [{'identifier': 'minutes', 'points': 0, 'value': 0}]}]"
60,0,0,0,0,0,0,0,0,0,0,0,0,0,0.0,0.0,0.0,0.0,0,False,551,18,"[{'fixture': 177, 'stats': [{'identifier': 'minutes', 'points': 0, 'value': 0}]}]"
61,0,0,0,0,0,0,0,0,0,0,0,0,0,0.0,0.0,0.0,0.0,0,False,553,18,[]
62,0,0,0,0,0,0,0,0,0,0,0,0,0,0.0,0.0,0.0,0.0,0,False,555,18,"[{'fixture': 178, 'stats': [{'identifier': 'minutes', 'points': 0, 'value': 0}]}]"
63,0,0,0,0,0,0,0,0,0,0,0,0,0,0.0,0.0,0.0,0.0,0,False,556,18,"[{'fixture': 176, 'stats': [{'identifier': 'minutes', 'points': 0, 'value': 0}]}]"
64,0,0,0,0,0,0,0,0,0,0,0,0,0,0.0,0.0,0.0,0.0,0,False,558,18,"[{'fixture': 178, 'stats': [{'identifier': 'minutes', 'points': 0, 'value': 0}]}]"
65,0,0,0,0,0,0,0,0,0,0,0,0,0,0.0,0.0,0.0,0.0,0,False,562,18,"[{'fixture': 175, 'stats': [{'identifier': 'minutes', 'points': 0, 'value': 0}]}]"
66,0,0,0,0,0,0,0,0,0,0,0,0,0,0.0,0.0,0.0,0.0,0,False,573,18,"[{'fixture': 176, 'stats': [{'identifier': 'minutes', 'points': 0, 'value': 0}]}]"
67,0,0,0,0,0,0,0,0,0,0,0,0,0,0.0,0.0,0.0,0.0,0,False,1,18,"[{'fixture': 174, 'stats': [{'identifier': 'minutes', 'points': 0, 'value': 0}]}]"
68,0,0,0,0,0,0,0,0,0,0,0,0,0,0.0,0.0,0.0,0.0,0,False,2,18,"[{'fixture': 174, 'stats': [{'identifier': 'minutes', 'points': 0, 'value': 0}]}]"
69,0,0,0,0,0,0,0,0,0,0,0,0,0,0.0,0.0,0.0,0.0,0,False,3,18,"[{'fixture': 174, 'stats': [{'identifier': 'minutes', 'points': 0, 'value': 0}]}]"
70,90,0,0,1,0,0,0,0,0,0,0,0,26,9.8,15.6,0.0,2.5,6,False,4,18,"[{'fixture': 174, 'stats': [{'identifier': 'minutes', 'points': 2, 'value': 90}, {'identifier': 'clean_sheets', 'points': 4, 'value': 1}]}]"
71,0,0,0,0,0,0,0,0,0,0,0,0,0,0.0,0.0,0.0,0.0,0,False,5,18,"[{'fixture': 174, 'stats': [{'identifier': 'minutes', 'points': 0, 'value': 0}]}]"
72,0,0,0,0,0,0,0,0,0,0,0,0,0,0.0,0.0,0.0,0.0,0,False,6,18,"[{'fixture': 174, 'stats': [{'identifier': 'minutes', 'points': 0, 'value': 0}]}]"
73,0,0,0,0,0,0,0,0,0,0,0,0,0,0.0,0.0,0.0,0.0,0,False,7,18,"[{'fixture': 174, 'stats': [{'identifier': 'minutes', 'points': 0, 'value': 0}]}]"
74,0,0,0,0,0,0,0,0,0,0,0,0,0,0.0,0.0,0.0,0.0,0,False,8,18,"[{'fixture': 174, 'stats': [{'identifier': 'minutes', 'points': 0, 'value': 0}]}]"
75,0,0,0,0,0,0,0,0,0,0,0,0,0,0.0,0.0,0.0,0.0,0,False,9,18,"[{'fixture': 174, 'stats': [{'identifier': 'minutes', 'points': 0, 'value': 0}]}]"
76,0,0,0,0,0,0,0,0,0,0,0,0,0,0.0,0.0,0.0,0.0,0,False,10,18,"[{'fixture': 174, 'stats': [{'identifier': 'minutes', 'points': 0, 'value': 0}]}]"
77,0,0,0,0,0,0,0,0,0,0,0,0,0,0.0,0.0,0.0,0.0,0,False,22,18,"[{'fixture': 171, 'stats': [{'identifier': 'minutes', 'points': 0, 'value': 0}]}]"
78,0,0,0,0,0,0,0,0,0,0,0,0,0,0.0,0.0,0.0,0.0,0,False,23,18,"[{'fixture': 171, 'stats': [{'identifier': 'minutes', 'points': 0, 'value': 0}]}]"
79,0,0,0,0,0,0,0,0,0,0,0,0,0,0.0,0.0,0.0,0.0,0,False,24,18,"[{'fixture': 171, 'stats': [{'identifier': 'minutes', 'points': 0, 'value': 0}]}]"
80,90,0,0,0,3,0,0,0,0,0,0,0,12,28.6,1.2,2.0,3.2,1,False,25,18,"[{'fixture': 171, 'stats': [{'identifier': 'minutes', 'points': 2, 'value': 90}, {'identifier': 'goals_conceded', 'points': -1, 'value': 3}]}]"
81,0,0,0,0,0,0,0,0,0,0,0,0,0,0.0,0.0,0.0,0.0,0,False,37,18,"[{'fixture': 173, 'stats': [{'identifier': 'minutes', 'points': 0, 'value': 0}]}]"
82,55,0,0,0,1,0,0,0,0,0,0,0,9,7.2,26.7,2.0,3.6,1,False,38,18,"[{'fixture': 173, 'stats': [{'identifier': 'minutes', 'points': 1, 'value': 55}]}]"
83,0,0,0,0,0,0,0,0,0,0,0,0,0,0.0,0.0,0.0,0.0,0,False,39,18,"[{'fixture': 173, 'stats': [{'identifier': 'minutes', 'points': 0, 'value': 0}]}]"
84,0,0,0,0,0,0,0,0,0,0,0,0,0,0.0,0.0,0.0,0.0,0,False,40,18,"[{'fixture': 173, 'stats': [{'identifier': 'minutes', 'points': 0, 'value': 0}]}]"
85,0,0,0,0,0,0,0,0,0,0,0,0,0,0.0,0.0,0.0,0.0,0,False,41,18,"[{'fixture': 173, 'stats': [{'identifier': 'minutes', 'points': 0, 'value': 0}]}]"
86,90,0,0,0,1,0,0,0,0,0,0,0,15,16.2,1.0,5.0,2.2,2,False,42,18,"[{'fixture': 173, 'stats': [{'identifier': 'minutes', 'points': 2, 'value': 90}]}]"
87,0,0,0,0,0,0,0,0,0,0,0,0,0,0.0,0.0,0.0,0.0,0,False,43,18,"[{'fixture': 173, 'stats': [{'identifier': 'minutes', 'points': 0, 'value': 0}]}]"
88,0,0,0,0,0,0,0,0,0,0,0,0,0,0.0,0.0,0.0,0.0,0,False,58,18,"[{'fixture': 172, 'stats': [{'identifier': 'minutes', 'points': 0, 'value': 0}]}]"
89,0,0,0,0,0,0,0,0,0,0,0,0,0,0.0,0.0,0.0,0.0,0,False,59,18,"[{'fixture': 172, 'stats': [{'identifier': 'minutes', 'points': 0, 'value': 0}]}]"
90,0,0,0,0,0,0,0,0,0,0,0,0,0,0.0,0.0,0.0,0.0,0,False,60,18,"[{'fixture': 172, 'stats': [{'identifier': 'minutes', 'points': 0, 'value': 0}]}]"
91,90,0,0,0,1,0,0,0,0,0,0,0,16,15.4,0.1,8.0,2.4,2,False,61,18,"[{'fixture': 172, 'stats': [{'identifier': 'minutes', 'points': 2, 'value': 90}]}]"
92,90,0,0,0,1,0,0,0,1,0,0,0,11,24.4,0.3,0.0,2.5,1,False,62,18,"[{'fixture': 172, 'stats': [{'identifier': 'minutes', 'points': 2, 'value': 90}, {'identifier': 'yellow_cards', 'points': -1, 'value': 1}]}]"
93,0,0,0,0,0,0,0,0,0,0,0,0,0,0.0,0.0,0.0,0.0,0,False,63,18,"[{'fixture': 172, 'stats': [{'identifier': 'minutes', 'points': 0, 'value': 0}]}]"
94,0,0,0,0,0,0,0,0,0,0,0,0,0,0.0,0.0,0.0,0.0,0,False,64,18,"[{'fixture': 172, 'stats': [{'identifier': 'minutes', 'points': 0, 'value': 0}]}]"
95,90,0,0,0,1,0,0,0,1,0,0,0,9,10.8,6.6,0.0,1.7,1,False,65,18,"[{'fixture': 172, 'stats': [{'identifier': 'minutes', 'points': 2, 'value': 90}, {'identifier': 'yellow_cards', 'points': -1, 'value': 1}]}]"
96,0,0,0,0,0,0,0,0,0,0,0,0,0,0.0,0.0,0.0,0.0,0,False,66,18,"[{'fixture': 172, 'stats': [{'identifier': 'minutes', 'points': 0, 'value': 0}]}]"
97,90,0,0,1,0,0,0,0,0,0,0,0,21,14.0,0.5,0.0,1.5,6,False,83,18,"[{'fixture': 172, 'stats': [{'identifier': 'minutes', 'points': 2, 'value': 90}, {'identifier': 'clean_sheets', 'points': 4, 'value': 1}]}]"
98,90,0,0,1,0,0,0,0,0,0,0,0,21,14.6,0.1,6.0,2.1,6,False,84,18,"[{'fixture': 172, 'stats': [{'identifier': 'minutes', 'points': 2, 'value': 90}, {'identifier': 'clean_sheets', 'points': 4, 'value': 1}]}]"
99,0,0,0,0,0,0,0,0,0,0,0,0,0,0.0,0.0,0.0,0.0,0,False,85,18,"[{'fixture': 172, 'stats': [{'identifier': 'minutes', 'points': 0, 'value': 0}]}]"
100,90,0,0,1,0,0,0,0,0,0,0,0,19,6.4,0.8,0.0,0.7,6,False,86,18,"[{'fixture': 172, 'stats': [{'identifier': 'minutes', 'points': 2, 'value': 90}, {'identifier': 'clean_sheets', 'points': 4, 'value': 1}]}]"
101,90,0,0,1,0,0,0,0,0,0,0,1,22,18.8,5.0,0.0,2.4,7,False,87,18,"[{'fixture': 172, 'stats': [{'identifier': 'minutes', 'points': 2, 'value': 90}, {'identifier': 'clean_sheets', 'points': 4, 'value': 1}, {'identifier': 'bonus', 'points': 1, 'value': 1}]}]"
102,0,0,0,0,0,0,0,0,0,0,0,0,0,0.0,0.0,0.0,0.0,0,False,88,18,"[{'fixture': 172, 'stats': [{'identifier': 'minutes', 'points': 0, 'value': 0}]}]"
103,0,0,0,0,0,0,0,0,0,0,0,0,0,0.0,0.0,0.0,0.0,0,False,89,18,"[{'fixture': 172, 'stats': [{'identifier': 'minutes', 'points': 0, 'value': 0}]}]"
104,90,0,1,1,0,0,0,0,0,0,0,2,34,23.2,19.1,21.0,6.3,11,True,103,18,"[{'fixture': 178, 'stats': [{'identifier': 'minutes', 'points': 2, 'value': 90}, {'identifier': 'assists', 'points': 3, 'value': 1}, {'identifier': 'clean_sheets', 'points': 4, 'value': 1}, {'identifier': 'bonus', 'points': 2, 'value': 2}]}]"
105,90,0,0,1,0,0,0,0,1,0,0,0,17,5.4,1.8,1.0,0.8,5,False,104,18,"[{'fixture': 178, 'stats': [{'identifier': 'minutes', 'points': 2, 'value': 90}, {'identifier': 'clean_sheets', 'points': 4, 'value': 1}, {'identifier': 'yellow_cards', 'points': -1, 'value': 1}]}]"
106,79,0,0,1,0,0,0,0,0,0,0,0,17,7.4,3.1,6.0,1.7,6,False,105,18,"[{'fixture': 178, 'stats': [{'identifier': 'minutes', 'points': 2, 'value': 79}, {'identifier': 'clean_sheets', 'points': 4, 'value': 1}]}]"
107,90,0,0,1,0,0,0,0,0,0,0,3,29,20.4,0.2,2.0,2.3,9,True,106,18,"[{'fixture': 174, 'stats': [{'identifier': 'minutes', 'points': 2, 'value': 90}, {'identifier': 'clean_sheets', 'points': 4, 'value': 1}, {'identifier': 'bonus', 'points': 3, 'value': 3}]}]"
108,0,0,0,0,0,0,0,0,0,0,0,0,0,0.0,0.0,0.0,0.0,0,False,107,18,"[{'fixture': 178, 'stats': [{'identifier': 'minutes', 'points': 0, 'value': 0}]}]"
109,0,0,0,0,0,0,0,0,0,0,0,0,0,0.0,0.0,0.0,0.0,0,False,108,18,"[{'fixture': 178, 'stats': [{'identifier': 'minutes', 'points': 0, 'value': 0}]}]"
110,0,0,0,0,0,0,0,0,0,0,0,0,0,0.0,0.0,0.0,0.0,0,False,109,18,"[{'fixture': 178, 'stats': [{'identifier': 'minutes', 'points': 0, 'value': 0}]}]"
111,90,0,0,0,2,0,0,0,0,0,0,0,4,11.8,1.6,0.0,1.3,1,False,122,18,"[{'fixture': 179, 'stats': [{'identifier': 'minutes', 'points': 2, 'value': 90}, {'identifier': 'goals_conceded', 'points': -1, 'value': 2}]}]"
112,90,0,0,0,1,0,0,0,0,0,0,0,21,20.2,66.3,1.0,8.8,2,False,123,18,"[{'fixture': 176, 'stats': [{'identifier': 'minutes', 'points': 2, 'value': 90}]}]"
113,90,0,0,0,1,0,0,0,0,0,0,0,11,21.8,0.2,0.0,2.2,2,False,124,18,"[{'fixture': 176, 'stats': [{'identifier': 'minutes', 'points': 2, 'value': 90}]}]"
114,0,0,0,0,0,0,0,0,0,0,0,0,0,0.0,0.0,0.0,0.0,0,False,125,18,"[{'fixture': 176, 'stats': [{'identifier': 'minutes', 'points': 0, 'value': 0}]}]"
115,0,0,0,0,0,0,0,0,0,0,0,0,0,0.0,0.0,0.0,0.0,0,False,126,18,"[{'fixture': 176, 'stats': [{'identifier': 'minutes', 'points': 0, 'value': 0}]}]"
116,0,0,0,0,0,0,0,0,0,0,0,0,0,0.0,0.0,0.0,0.0,0,False,127,18,"[{'fixture': 176, 'stats': [{'identifier': 'minutes', 'points': 0, 'value': 0}]}]"
117,90,0,0,0,1,0,0,0,0,0,0,0,10,10.2,2.8,2.0,1.5,2,False,128,18,"[{'fixture': 176, 'stats': [{'identifier': 'minutes', 'points': 2, 'value': 90}]}]"
118,90,0,0,1,0,0,0,0,0,0,0,3,29,16.0,16.3,0.0,3.2,9,True,141,18,"[{'fixture': 174, 'stats': [{'identifier': 'minutes', 'points': 2, 'value': 90}, {'identifier': 'clean_sheets', 'points': 4, 'value': 1}, {'identifier': 'bonus', 'points': 3, 'value': 3}]}]"
119,90,0,0,1,0,0,0,0,0,0,0,0,27,12.2,10.8,22.0,4.5,6,False,142,18,"[{'fixture': 174, 'stats': [{'identifier': 'minutes', 'points': 2, 'value': 90}, {'identifier': 'clean_sheets', 'points': 4, 'value': 1}]}]"
120,18,0,0,0,0,0,0,0,0,0,0,0,3,0.2,0.1,2.0,0.2,1,False,143,18,"[{'fixture': 174, 'stats': [{'identifier': 'minutes', 'points': 1, 'value': 18}]}]"
121,0,0,0,0,0,0,0,0,0,0,0,0,0,0.0,0.0,0.0,0.0,0,False,144,18,"[{'fixture': 174, 'stats': [{'identifier': 'minutes', 'points': 0, 'value': 0}]}]"
122,0,0,0,0,0,0,0,0,0,0,0,0,0,0.0,0.0,0.0,0.0,0,False,145,18,"[{'fixture': 174, 'stats': [{'identifier': 'minutes', 'points': 0, 'value': 0}]}]"
123,90,0,0,0,3,0,0,0,0,0,0,0,3,2.6,0.7,0.0,0.3,1,False,159,18,"[{'fixture': 175, 'stats': [{'identifier': 'minutes', 'points': 2, 'value': 90}, {'identifier': 'goals_conceded', 'points': -1, 'value': 3}]}]"
124,90,0,0,0,2,0,0,0,0,0,0,0,14,23.6,2.0,17.0,4.3,1,False,160,18,"[{'fixture': 179, 'stats': [{'identifier': 'minutes', 'points': 2, 'value': 90}, {'identifier': 'goals_conceded', 'points': -1, 'value': 2}]}]"
125,90,0,0,0,3,0,0,0,0,0,0,0,10,11.6,1.0,0.0,1.3,1,False,161,18,"[{'fixture': 175, 'stats': [{'identifier': 'minutes', 'points': 2, 'value': 90}, {'identifier': 'goals_conceded', 'points': -1, 'value': 3}]}]"
126,90,0,0,0,3,0,0,0,0,0,0,0,17,24.0,4.0,0.0,2.8,1,False,162,18,"[{'fixture': 175, 'stats': [{'identifier': 'minutes', 'points': 2, 'value': 90}, {'identifier': 'goals_conceded', 'points': -1, 'value': 3}]}]"
127,0,0,0,0,0,0,0,0,0,0,0,0,0,0.0,0.0,0.0,0.0,0,False,163,18,"[{'fixture': 175, 'stats': [{'identifier': 'minutes', 'points': 0, 'value': 0}]}]"
128,90,0,0,0,3,0,0,0,1,0,0,0,12,20.4,0.0,0.0,2.0,0,False,164,18,"[{'fixture': 175, 'stats': [{'identifier': 'minutes', 'points': 2, 'value': 90}, {'identifier': 'goals_conceded', 'points': -1, 'value': 3}, {'identifier': 'yellow_cards', 'points': -1, 'value': 1}]}]"
129,0,0,0,0,0,0,0,0,0,0,0,0,0,0.0,0.0,0.0,0.0,0,False,165,18,"[{'fixture': 175, 'stats': [{'identifier': 'minutes', 'points': 0, 'value': 0}]}]"
130,0,0,0,0,0,0,0,0,0,0,0,0,0,0.0,0.0,0.0,0.0,0,False,181,18,[]
131,0,0,0,0,0,0,0,0,0,0,0,0,0,0.0,0.0,0.0,0.0,0,False,182,18,[]
132,0,0,0,0,0,0,0,0,0,0,0,0,0,0.0,0.0,0.0,0.0,0,False,183,18,[]
133,0,0,0,0,0,0,0,0,0,0,0,0,0,0.0,0.0,0.0,0.0,0,False,184,18,[]
134,0,0,0,0,0,0,0,0,0,0,0,0,0,0.0,0.0,0.0,0.0,0,False,185,18,[]
135,0,0,0,0,0,0,0,0,0,0,0,0,0,0.0,0.0,0.0,0.0,0,False,186,18,[]
136,0,0,0,0,0,0,0,0,0,0,0,0,0,0.0,0.0,0.0,0.0,0,False,202,18,"[{'fixture': 175, 'stats': [{'identifier': 'minutes', 'points': 0, 'value': 0}]}]"
137,90,0,0,0,1,0,0,0,0,0,0,0,15,8.6,14.8,2.0,2.5,2,False,203,18,"[{'fixture': 175, 'stats': [{'identifier': 'minutes', 'points': 2, 'value': 90}]}]"
138,90,0,1,0,1,0,0,0,0,0,0,0,29,36.2,55.3,0.0,9.2,5,False,204,18,"[{'fixture': 175, 'stats': [{'identifier': 'minutes', 'points': 2, 'value': 90}, {'identifier': 'assists', 'points': 3, 'value': 1}]}]"
139,71,0,0,1,0,0,0,0,0,0,0,0,26,13.6,5.8,0.0,1.9,6,False,205,18,"[{'fixture': 174, 'stats': [{'identifier': 'minutes', 'points': 2, 'value': 71}, {'identifier': 'clean_sheets', 'points': 4, 'value': 1}]}]"
140,0,0,0,0,0,0,0,0,0,0,0,0,0,0.0,0.0,0.0,0.0,0,False,206,18,"[{'fixture': 175, 'stats': [{'identifier': 'minutes', 'points': 0, 'value': 0}]}]"
141,0,0,0,0,0,0,0,0,0,0,0,0,0,0.0,0.0,0.0,0.0,0,False,207,18,"[{'fixture': 175, 'stats': [{'identifier': 'minutes', 'points': 0, 'value': 0}]}]"
142,90,0,0,0,1,0,0,0,0,0,0,0,13,14.8,0.9,7.0,2.3,2,False,208,18,"[{'fixture': 175, 'stats': [{'identifier': 'minutes', 'points': 2, 'value': 90}]}]"
143,0,0,0,0,0,0,0,0,0,0,0,0,0,0.0,0.0,0.0,0.0,0,False,209,18,"[{'fixture': 175, 'stats': [{'identifier': 'minutes', 'points': 0, 'value': 0}]}]"
144,0,0,0,0,0,0,0,0,0,0,0,0,0,0.0,0.0,0.0,0.0,0,False,223,18,"[{'fixture': 179, 'stats': [{'identifier': 'minutes', 'points': 0, 'value': 0}]}]"
145,0,0,0,0,0,0,0,0,0,0,0,0,0,0.0,0.0,0.0,0.0,0,False,224,18,"[{'fixture': 179, 'stats': [{'identifier': 'minutes', 'points': 0, 'value': 0}]}]"
146,90,0,0,0,2,0,0,0,0,0,0,0,11,12.4,1.8,2.0,1.6,1,False,225,18,"[{'fixture': 179, 'stats': [{'identifier': 'minutes', 'points': 2, 'value': 90}, {'identifier': 'goals_conceded', 'points': -1, 'value': 2}]}]"
147,90,0,0,0,2,0,0,0,1,0,0,0,11,30.4,17.1,6.0,5.4,0,False,226,18,"[{'fixture': 179, 'stats': [{'identifier': 'minutes', 'points': 2, 'value': 90}, {'identifier': 'goals_conceded', 'points': -1, 'value': 2}, {'identifier': 'yellow_cards', 'points': -1, 'value': 1}]}]"
148,0,0,0,0,0,0,0,0,0,0,0,0,0,0.0,0.0,0.0,0.0,0,False,227,18,"[{'fixture': 179, 'stats': [{'identifier': 'minutes', 'points': 0, 'value': 0}]}]"
149,0,0,0,0,0,0,0,0,0,0,0,0,0,0.0,0.0,0.0,0.0,0,False,228,18,"[{'fixture': 179, 'stats': [{'identifier': 'minutes', 'points': 0, 'value': 0}]}]"
150,0,0,0,0,0,0,0,0,0,0,0,0,0,0.0,0.0,0.0,0.0,0,False,229,18,"[{'fixture': 179, 'stats': [{'identifier': 'minutes', 'points': 0, 'value': 0}]}]"
151,0,0,0,0,0,0,0,0,0,0,0,0,0,0.0,0.0,0.0,0.0,0,False,230,18,"[{'fixture': 179, 'stats': [{'identifier': 'minutes', 'points': 0, 'value': 0}]}]"
152,0,0,0,0,0,0,0,0,0,0,0,0,0,0.0,0.0,0.0,0.0,0,False,231,18,"[{'fixture': 179, 'stats': [{'identifier': 'minutes', 'points': 0, 'value': 0}]}]"
153,0,0,0,0,0,0,0,0,0,0,0,0,0,0.0,0.0,0.0,0.0,0,False,251,18,"[{'fixture': 176, 'stats': [{'identifier': 'minutes', 'points': 0, 'value': 0}]}]"
154,90,0,0,1,0,0,0,0,1,0,0,0,22,14.6,10.3,0.0,2.5,5,False,252,18,"[{'fixture': 176, 'stats': [{'identifier': 'minutes', 'points': 2, 'value': 90}, {'identifier': 'clean_sheets', 'points': 4, 'value': 1}, {'identifier': 'yellow_cards', 'points': -1, 'value': 1}]}]"
155,1,0,0,0,0,0,0,0,0,0,0,0,3,0.0,0.0,0.0,0.0,1,False,253,18,"[{'fixture': 176, 'stats': [{'identifier': 'minutes', 'points': 1, 'value': 1}]}]"
156,90,0,0,1,0,0,0,0,0,0,0,0,26,19.2,0.1,0.0,1.9,6,False,254,18,"[{'fixture': 176, 'stats': [{'identifier': 'minutes', 'points': 2, 'value': 90}, {'identifier': 'clean_sheets', 'points': 4, 'value': 1}]}]"
157,90,0,0,1,0,0,0,0,0,0,0,2,28,19.0,37.2,4.0,6.0,8,False,255,18,"[{'fixture': 176, 'stats': [{'identifier': 'minutes', 'points': 2, 'value': 90}, {'identifier': 'clean_sheets', 'points': 4, 'value': 1}, {'identifier': 'bonus', 'points': 2, 'value': 2}]}]"
158,90,0,0,1,0,0,0,0,0,0,0,0,17,14.4,1.8,0.0,1.6,6,False,256,18,"[{'fixture': 176, 'stats': [{'identifier': 'minutes', 'points': 2, 'value': 90}, {'identifier': 'clean_sheets', 'points': 4, 'value': 1}]}]"
159,90,0,0,1,0,0,0,0,0,0,0,0,23,25.2,0.8,9.0,3.5,6,False,257,18,"[{'fixture': 176, 'stats': [{'identifier': 'minutes', 'points': 2, 'value': 90}, {'identifier': 'clean_sheets', 'points': 4, 'value': 1}]}]"
160,0,0,0,0,0,0,0,0,0,0,0,0,0,0.0,0.0,0.0,0.0,0,False,258,18,"[{'fixture': 176, 'stats': [{'identifier': 'minutes', 'points': 0, 'value': 0}]}]"
161,0,0,0,0,0,0,0,0,0,0,0,0,0,0.0,0.0,0.0,0.0,0,False,259,18,"[{'fixture': 176, 'stats': [{'identifier': 'minutes', 'points': 0, 'value': 0}]}]"
162,0,0,0,0,0,0,0,0,0,0,0,0,0,0.0,0.0,0.0,0.0,0,False,272,18,"[{'fixture': 177, 'stats': [{'identifier': 'minutes', 'points': 0, 'value': 0}]}]"
163,0,0,0,0,0,0,0,0,0,0,0,0,0,0.0,0.0,0.0,0.0,0,False,273,18,"[{'fixture': 177, 'stats': [{'identifier': 'minutes', 'points': 0, 'value': 0}]}]"
164,90,0,0,0,2,0,0,0,0,0,0,0,11,18.4,2.8,0.0,2.1,1,False,274,18,"[{'fixture': 177, 'stats': [{'identifier': 'minutes', 'points': 2, 'value': 90}, {'identifier': 'goals_conceded', 'points': -1, 'value': 2}]}]"
165,90,0,0,0,2,0,0,0,0,0,0,0,11,11.8,0.5,4.0,1.6,1,False,275,18,"[{'fixture': 177, 'stats': [{'identifier': 'minutes', 'points': 2, 'value': 90}, {'identifier': 'goals_conceded', 'points': -1, 'value': 2}]}]"
166,0,0,0,0,0,0,0,0,0,0,0,0,0,0.0,0.0,0.0,0.0,0,False,276,18,"[{'fixture': 177, 'stats': [{'identifier': 'minutes', 'points': 0, 'value': 0}]}]"
167,90,0,0,0,2,0,0,0,1,0,0,0,10,20.0,0.2,4.0,2.4,0,False,277,18,"[{'fixture': 177, 'stats': [{'identifier': 'minutes', 'points': 2, 'value': 90}, {'identifier': 'goals_conceded', 'points': -1, 'value': 2}, {'identifier': 'yellow_cards', 'points': -1, 'value': 1}]}]"
168,90,0,0,1,0,0,0,0,1,0,0,0,18,16.8,27.4,0.0,4.4,5,False,291,18,"[{'fixture': 173, 'stats': [{'identifier': 'minutes', 'points': 2, 'value': 90}, {'identifier': 'clean_sheets', 'points': 4, 'value': 1}, {'identifier': 'yellow_cards', 'points': -1, 'value': 1}]}]"
169,0,0,0,0,0,0,0,0,0,0,0,0,0,0.0,0.0,0.0,0.0,0,False,292,18,"[{'fixture': 173, 'stats': [{'identifier': 'minutes', 'points': 0, 'value': 0}]}]"
170,90,0,0,1,0,0,0,0,0,0,0,1,25,15.6,1.2,0.0,1.7,7,False,293,18,"[{'fixture': 173, 'stats': [{'identifier': 'minutes', 'points': 2, 'value': 90}, {'identifier': 'clean_sheets', 'points': 4, 'value': 1}, {'identifier': 'bonus', 'points': 1, 'value': 1}]}]"
171,90,0,0,1,0,0,0,0,0,0,0,0,21,11.0,12.0,0.0,2.3,6,False,294,18,"[{'fixture': 173, 'stats': [{'identifier': 'minutes', 'points': 2, 'value': 90}, {'identifier': 'clean_sheets', 'points': 4, 'value': 1}]}]"
172,90,0,0,1,0,0,0,0,0,0,0,0,19,19.6,0.2,21.0,4.1,6,False,295,18,"[{'fixture': 173, 'stats': [{'identifier': 'minutes', 'points': 2, 'value': 90}, {'identifier': 'clean_sheets', 'points': 4, 'value': 1}]}]"
173,0,0,0,0,0,0,0,0,0,0,0,0,0,0.0,0.0,0.0,0.0,0,False,296,18,"[{'fixture': 173, 'stats': [{'identifier': 'minutes', 'points': 0, 'value': 0}]}]"
174,90,0,0,1,0,0,0,0,0,0,0,0,22,8.8,4.3,8.0,2.1,6,False,297,18,"[{'fixture': 173, 'stats': [{'identifier': 'minutes', 'points': 2, 'value': 90}, {'identifier': 'clean_sheets', 'points': 4, 'value': 1}]}]"
175,0,0,0,0,0,0,0,0,0,0,0,0,0,0.0,0.0,0.0,0.0,0,False,304,18,"[{'fixture': 171, 'stats': [{'identifier': 'minutes', 'points': 0, 'value': 0}]}]"
176,90,0,0,0,1,0,0,0,0,0,0,0,13,10.0,24.8,22.0,5.7,2,False,305,18,"[{'fixture': 171, 'stats': [{'identifier': 'minutes', 'points': 2, 'value': 90}]}]"
177,0,0,0,0,0,0,0,0,0,0,0,0,0,0.0,0.0,0.0,0.0,0,False,306,18,"[{'fixture': 171, 'stats': [{'identifier': 'minutes', 'points': 0, 'value': 0}]}]"
178,90,0,0,0,1,0,0,0,0,0,0,0,11,12.0,0.1,4.0,1.6,2,False,307,18,"[{'fixture': 171, 'stats': [{'identifier': 'minutes', 'points': 2, 'value': 90}]}]"
179,90,1,0,0,1,0,0,0,0,0,0,2,36,61.6,10.5,21.0,9.3,10,True,308,18,"[{'fixture': 171, 'stats': [{'identifier': 'minutes', 'points': 2, 'value': 90}, {'identifier': 'goals_scored', 'points': 6, 'value': 1}, {'identifier': 'bonus', 'points': 2, 'value': 2}]}]"
180,90,0,0,0,3,0,0,0,0,0,0,0,13,19.6,27.9,0.0,4.8,1,False,309,18,"[{'fixture': 171, 'stats': [{'identifier': 'minutes', 'points': 2, 'value': 90}, {'identifier': 'goals_conceded', 'points': -1, 'value': 3}]}]"
181,0,0,0,0,0,0,0,0,0,0,0,0,0,0.0,0.0,0.0,0.0,0,False,310,18,"[{'fixture': 171, 'stats': [{'identifier': 'minutes', 'points': 0, 'value': 0}]}]"
182,0,0,0,0,0,0,0,0,0,0,0,0,0,0.0,0.0,0.0,0.0,0,False,311,18,"[{'fixture': 171, 'stats': [{'identifier': 'minutes', 'points': 0, 'value': 0}]}]"
183,0,0,0,0,0,0,0,0,0,0,0,0,0,0.0,0.0,0.0,0.0,0,False,329,18,"[{'fixture': 178, 'stats': [{'identifier': 'minutes', 'points': 0, 'value': 0}]}]"
184,73,0,0,0,2,0,0,0,0,0,0,0,12,10.6,0.7,0.0,1.1,1,False,330,18,"[{'fixture': 178, 'stats': [{'identifier': 'minutes', 'points': 2, 'value': 73}, {'identifier': 'goals_conceded', 'points': -1, 'value': 2}]}]"
185,90,0,0,0,2,0,0,0,1,0,0,0,14,18.6,0.3,0.0,1.9,0,False,331,18,"[{'fixture': 178, 'stats': [{'identifier': 'minutes', 'points': 2, 'value': 90}, {'identifier': 'goals_conceded', 'points': -1, 'value': 2}, {'identifier': 'yellow_cards', 'points': -1, 'value': 1}]}]"
186,16,0,0,0,0,0,0,0,0,0,0,0,5,5.4,1.0,0.0,0.6,1,False,332,18,"[{'fixture': 178, 'stats': [{'identifier': 'minutes', 'points': 1, 'value': 16}]}]"
187,90,0,0,0,2,0,0,0,0,0,0,0,16,27.4,1.6,0.0,2.9,1,False,333,18,"[{'fixture': 178, 'stats': [{'identifier': 'minutes', 'points': 2, 'value': 90}, {'identifier': 'goals_conceded', 'points': -1, 'value': 2}]}]"
188,0,0,0,0,0,0,0,0,0,0,0,0,0,0.0,0.0,0.0,0.0,0,False,334,18,"[{'fixture': 178, 'stats': [{'identifier': 'minutes', 'points': 0, 'value': 0}]}]"
189,0,0,0,0,0,0,0,0,0,0,0,0,0,0.0,0.0,0.0,0.0,0,False,335,18,"[{'fixture': 178, 'stats': [{'identifier': 'minutes', 'points': 0, 'value': 0}]}]"
190,90,0,0,0,2,0,0,0,0,0,0,0,18,29.6,17.6,4.0,5.1,1,False,336,18,"[{'fixture': 178, 'stats': [{'identifier': 'minutes', 'points': 2, 'value': 90}, {'identifier': 'goals_conceded', 'points': -1, 'value': 2}]}]"
191,0,0,0,0,0,0,0,0,0,0,0,0,0,0.0,0.0,0.0,0.0,0,False,337,18,"[{'fixture': 178, 'stats': [{'identifier': 'minutes', 'points': 0, 'value': 0}]}]"
192,0,0,0,0,0,0,0,0,0,0,0,0,0,0.0,0.0,0.0,0.0,0,False,353,18,"[{'fixture': 179, 'stats': [{'identifier': 'minutes', 'points': 0, 'value': 0}]}]"
193,90,0,1,1,0,0,0,0,0,0,0,2,30,22.2,10.3,2.0,3.5,11,True,354,18,"[{'fixture': 179, 'stats': [{'identifier': 'minutes', 'points': 2, 'value': 90}, {'identifier': 'assists', 'points': 3, 'value': 1}, {'identifier': 'clean_sheets', 'points': 4, 'value': 1}, {'identifier': 'bonus', 'points': 2, 'value': 2}]}]"
194,0,0,0,0,0,0,0,0,0,0,0,0,0,0.0,0.0,0.0,0.0,0,False,355,18,"[{'fixture': 179, 'stats': [{'identifier': 'minutes', 'points': 0, 'value': 0}]}]"
195,90,0,0,1,0,0,0,0,0,0,0,0,26,19.0,18.9,2.0,4.0,6,False,356,18,"[{'fixture': 179, 'stats': [{'identifier': 'minutes', 'points': 2, 'value': 90}, {'identifier': 'clean_sheets', 'points': 4, 'value': 1}]}]"
196,90,0,0,1,0,0,0,0,0,0,0,0,27,15.6,17.8,7.0,4.0,6,False,357,18,"[{'fixture': 179, 'stats': [{'identifier': 'minutes', 'points': 2, 'value': 90}, {'identifier': 'clean_sheets', 'points': 4, 'value': 1}]}]"
197,90,0,0,1,0,0,0,0,1,0,0,0,17,10.4,0.0,0.0,1.0,5,False,358,18,"[{'fixture': 179, 'stats': [{'identifier': 'minutes', 'points': 2, 'value': 90}, {'identifier': 'clean_sheets', 'points': 4, 'value': 1}, {'identifier': 'yellow_cards', 'points': -1, 'value': 1}]}]"
198,0,0,0,0,0,0,0,0,0,0,0,0,0,0.0,0.0,0.0,0.0,0,False,359,18,"[{'fixture': 179, 'stats': [{'identifier': 'minutes', 'points': 0, 'value': 0}]}]"
199,0,0,0,0,0,0,0,0,0,0,0,0,0,0.0,0.0,0.0,0.0,0,False,360,18,"[{'fixture': 179, 'stats': [{'identifier': 'minutes', 'points': 0, 'value': 0}]}]"
200,0,0,0,0,0,0,0,0,0,0,0,0,0,0.0,0.0,0.0,0.0,0,False,361,18,"[{'fixture': 179, 'stats': [{'identifier': 'minutes', 'points': 0, 'value': 0}]}]"
201,0,0,0,0,0,0,0,0,0,0,0,0,0,0.0,0.0,0.0,0.0,0,False,376,18,[]
202,0,0,0,0,0,0,0,0,0,0,0,0,0,0.0,0.0,0.0,0.0,0,False,377,18,[]
203,0,0,0,0,0,0,0,0,0,0,0,0,0,0.0,0.0,0.0,0.0,0,False,378,18,[]
204,0,0,0,0,0,0,0,0,0,0,0,0,0,0.0,0.0,0.0,0.0,0,False,379,18,[]
205,0,0,0,0,0,0,0,0,0,0,0,0,0,0.0,0.0,0.0,0.0,0,False,380,18,[]
206,0,0,0,0,0,0,0,0,0,0,0,0,0,0.0,0.0,0.0,0.0,0,False,381,18,[]
207,0,0,0,0,0,0,0,0,0,0,0,0,0,0.0,0.0,0.0,0.0,0,False,382,18,[]
208,0,0,0,0,0,0,0,0,0,0,0,0,0,0.0,0.0,0.0,0.0,0,False,383,18,[]
209,0,0,0,0,0,0,0,0,0,0,0,0,0,0.0,0.0,0.0,0.0,0,False,384,18,[]
210,90,0,1,0,1,0,0,0,1,0,0,0,14,18.4,26.6,41.0,8.6,4,False,401,18,"[{'fixture': 177, 'stats': [{'identifier': 'minutes', 'points': 2, 'value': 90}, {'identifier': 'assists', 'points': 3, 'value': 1}, {'identifier': 'yellow_cards', 'points': -1, 'value': 1}]}]"
211,90,0,0,0,1,0,0,0,1,0,0,0,7,4.6,3.3,2.0,1.0,1,False,402,18,"[{'fixture': 177, 'stats': [{'identifier': 'minutes', 'points': 2, 'value': 90}, {'identifier': 'yellow_cards', 'points': -1, 'value': 1}]}]"
212,90,0,0,0,1,0,0,0,0,0,0,0,12,5.2,0.1,0.0,0.5,2,False,403,18,"[{'fixture': 177, 'stats': [{'identifier': 'minutes', 'points': 2, 'value': 90}]}]"
213,0,0,0,0,0,0,0,0,0,0,0,0,0,0.0,0.0,0.0,0.0,0,False,404,18,"[{'fixture': 177, 'stats': [{'identifier': 'minutes', 'points': 0, 'value': 0}]}]"
214,0,0,0,0,0,0,0,0,0,0,0,0,0,0.0,0.0,0.0,0.0,0,False,405,18,"[{'fixture': 177, 'stats': [{'identifier': 'minutes', 'points': 0, 'value': 0}]}]"
215,0,0,0,0,0,0,0,0,0,0,0,0,0,0.0,0.0,0.0,0.0,0,False,406,18,"[{'fixture': 177, 'stats': [{'identifier': 'minutes', 'points': 0, 'value': 0}]}]"
216,90,1,0,0,1,0,0,0,1,0,0,0,22,48.6,1.3,33.0,8.3,7,False,407,18,"[{'fixture': 177, 'stats': [{'identifier': 'minutes', 'points': 2, 'value': 90}, {'identifier': 'goals_scored', 'points': 6, 'value': 1}, {'identifier': 'yellow_cards', 'points': -1, 'value': 1}]}]"
217,0,0,0,0,0,0,0,0,0,0,0,0,0,0.0,0.0,0.0,0.0,0,False,408,18,"[{'fixture': 177, 'stats': [{'identifier': 'minutes', 'points': 0, 'value': 0}]}]"
218,90,0,0,1,0,0,0,0,1,0,0,0,20,17.2,0.6,0.0,1.8,5,False,423,18,"[{'fixture': 173, 'stats': [{'identifier': 'minutes', 'points': 2, 'value': 90}, {'identifier': 'clean_sheets', 'points': 4, 'value': 1}, {'identifier': 'yellow_cards', 'points': -1, 'value': 1}]}]"
219,0,0,0,0,0,0,0,0,0,0,0,0,0,0.0,0.0,0.0,0.0,0,False,433,18,"[{'fixture': 175, 'stats': [{'identifier': 'minutes', 'points': 0, 'value': 0}]}]"
220,0,0,0,0,0,0,0,0,0,0,0,0,0,0.0,0.0,0.0,0.0,0,False,439,18,"[{'fixture': 179, 'stats': [{'identifier': 'minutes', 'points': 0, 'value': 0}]}]"
221,0,0,0,0,0,0,0,0,0,0,0,0,0,0.0,0.0,0.0,0.0,0,False,440,18,"[{'fixture': 175, 'stats': [{'identifier': 'minutes', 'points': 0, 'value': 0}]}]"
222,0,0,0,0,0,0,0,0,0,0,0,0,0,0.0,0.0,0.0,0.0,0,False,444,18,"[{'fixture': 173, 'stats': [{'identifier': 'minutes', 'points': 0, 'value': 0}]}]"
223,0,0,0,0,0,0,0,0,0,0,0,0,0,0.0,0.0,0.0,0.0,0,False,445,18,"[{'fixture': 171, 'stats': [{'identifier': 'minutes', 'points': 0, 'value': 0}]}]"
224,90,0,0,0,1,0,0,0,0,0,0,0,13,13.2,11.9,6.0,3.1,2,False,446,18,"[{'fixture': 172, 'stats': [{'identifier': 'minutes', 'points': 2, 'value': 90}]}]"
225,0,0,0,0,0,0,0,0,0,0,0,0,0,0.0,0.0,0.0,0.0,0,False,447,18,"[{'fixture': 172, 'stats': [{'identifier': 'minutes', 'points': 0, 'value': 0}]}]"
226,0,0,0,0,0,0,0,0,0,0,0,0,0,0.0,0.0,0.0,0.0,0,False,452,18,"[{'fixture': 171, 'stats': [{'identifier': 'minutes', 'points': 0, 'value': 0}]}]"
227,90,0,0,0,2,0,0,0,1,0,0,0,13,13.0,1.9,2.0,1.7,0,False,454,18,"[{'fixture': 177, 'stats': [{'identifier': 'minutes', 'points': 2, 'value': 90}, {'identifier': 'goals_conceded', 'points': -1, 'value': 2}, {'identifier': 'yellow_cards', 'points': -1, 'value': 1}]}]"
228,90,0,0,0,3,0,0,0,0,0,0,0,11,15.6,0.2,8.0,2.4,1,False,455,18,"[{'fixture': 171, 'stats': [{'identifier': 'minutes', 'points': 2, 'value': 90}, {'identifier': 'goals_conceded', 'points': -1, 'value': 3}]}]"
229,90,0,0,0,3,0,0,0,0,0,0,0,15,28.2,5.4,7.0,4.1,1,False,458,18,"[{'fixture': 171, 'stats': [{'identifier': 'minutes', 'points': 2, 'value': 90}, {'identifier': 'goals_conceded', 'points': -1, 'value': 3}]}]"
230,90,0,0,1,0,0,0,0,1,0,0,0,17,7.0,0.3,0.0,0.7,5,False,459,18,"[{'fixture': 178, 'stats': [{'identifier': 'minutes', 'points': 2, 'value': 90}, {'identifier': 'clean_sheets', 'points': 4, 'value': 1}, {'identifier': 'yellow_cards', 'points': -1, 'value': 1}]}]"
231,90,0,0,1,0,0,0,0,1,0,0,3,29,25.2,10.7,6.0,4.2,8,False,467,18,"[{'fixture': 174, 'stats': [{'identifier': 'minutes', 'points': 2, 'value': 90}, {'identifier': 'clean_sheets', 'points': 4, 'value': 1}, {'identifier': 'yellow_cards', 'points': -1, 'value': 1}, {'identifier': 'bonus', 'points': 3, 'value': 3}]}]"
232,0,0,0,0,0,0,0,0,0,0,0,0,0,0.0,0.0,0.0,0.0,0,False,473,18,"[{'fixture': 177, 'stats': [{'identifier': 'minutes', 'points': 0, 'value': 0}]}]"
233,90,0,0,0,1,0,0,0,0,0,0,0,20,19.6,19.9,4.0,4.4,2,False,475,18,"[{'fixture': 173, 'stats': [{'identifier': 'minutes', 'points': 2, 'value': 90}]}]"
234,0,0,0,0,0,0,0,0,0,0,0,0,0,0.0,0.0,0.0,0.0,0,False,477,18,"[{'fixture': 174, 'stats': [{'identifier': 'minutes', 'points': 0, 'value': 0}]}]"
235,90,0,0,1,0,0,0,0,0,0,0,0,27,11.8,1.0,2.0,1.5,6,False,478,18,"[{'fixture': 174, 'stats': [{'identifier': 'minutes', 'points': 2, 'value': 90}, {'identifier': 'clean_sheets', 'points': 4, 'value': 1}]}]"
236,0,0,0,0,0,0,0,0,0,0,0,0,0,0.0,0.0,0.0,0.0,0,False,481,18,"[{'fixture': 179, 'stats': [{'identifier': 'minutes', 'points': 0, 'value': 0}]}]"
237,0,0,0,0,0,0,0,0,0,0,0,0,0,0.0,0.0,0.0,0.0,0,False,484,18,"[{'fixture': 177, 'stats': [{'identifier': 'minutes', 'points': 0, 'value': 0}]}]"
238,0,0,0,0,0,0,0,0,0,0,0,0,0,0.0,0.0,0.0,0.0,0,False,485,18,"[{'fixture': 171, 'stats': [{'identifier': 'minutes', 'points': 0, 'value': 0}]}]"
239,90,0,0,0,1,0,0,0,0,0,0,0,8,8.6,1.4,8.0,1.8,2,False,486,18,"[{'fixture': 171, 'stats': [{'identifier': 'minutes', 'points': 2, 'value': 90}]}]"
240,90,0,0,0,1,0,0,0,0,0,0,0,11,5.2,6.4,6.0,1.8,2,False,493,18,"[{'fixture': 173, 'stats': [{'identifier': 'minutes', 'points': 2, 'value': 90}]}]"
241,0,0,0,0,0,0,0,0,0,0,0,0,0,0.0,0.0,0.0,0.0,0,False,498,18,"[{'fixture': 176, 'stats': [{'identifier': 'minutes', 'points': 0, 'value': 0}]}]"
242,0,0,0,0,0,0,0,0,0,0,0,0,0,0.0,0.0,0.0,0.0,0,False,503,18,"[{'fixture': 176, 'stats': [{'identifier': 'minutes', 'points': 0, 'value': 0}]}]"
243,10,0,0,0,0,0,0,0,0,0,0,0,3,0.4,1.7,18.0,2.0,1,False,506,18,"[{'fixture': 178, 'stats': [{'identifier': 'minutes', 'points': 1, 'value': 10}]}]"
244,90,0,0,1,0,0,0,0,0,0,0,0,27,22.4,6.3,0.0,2.9,6,False,511,18,"[{'fixture': 174, 'stats': [{'identifier': 'minutes', 'points': 2, 'value': 90}, {'identifier': 'clean_sheets', 'points': 4, 'value': 1}]}]"
245,0,0,0,0,0,0,0,0,0,0,0,0,0,0.0,0.0,0.0,0.0,0,False,515,18,"[{'fixture': 174, 'stats': [{'identifier': 'minutes', 'points': 0, 'value': 0}]}]"
246,0,0,0,0,0,0,0,0,0,0,0,0,0,0.0,0.0,0.0,0.0,0,False,518,18,"[{'fixture': 175, 'stats': [{'identifier': 'minutes', 'points': 0, 'value': 0}]}]"
247,0,0,0,0,0,0,0,0,0,0,0,0,0,0.0,0.0,0.0,0.0,0,False,519,18,"[{'fixture': 176, 'stats': [{'identifier': 'minutes', 'points': 0, 'value': 0}]}]"
248,90,0,0,1,0,0,0,0,0,0,0,1,27,23.2,1.5,0.0,2.5,7,False,529,18,"[{'fixture': 178, 'stats': [{'identifier': 'minutes', 'points': 2, 'value': 90}, {'identifier': 'clean_sheets', 'points': 4, 'value': 1}, {'identifier': 'bonus', 'points': 1, 'value': 1}]}]"
249,0,0,0,0,0,0,0,0,0,0,0,0,0,0.0,0.0,0.0,0.0,0,False,532,18,"[{'fixture': 171, 'stats': [{'identifier': 'minutes', 'points': 0, 'value': 0}]}]"
250,0,0,0,0,0,0,0,0,0,0,0,0,0,0.0,0.0,0.0,0.0,0,False,536,18,"[{'fixture': 173, 'stats': [{'identifier': 'minutes', 'points': 0, 'value': 0}]}]"
251,0,0,0,0,0,0,0,0,0,0,0,0,0,0.0,0.0,0.0,0.0,0,False,542,18,"[{'fixture': 179, 'stats': [{'identifier': 'minutes', 'points': 0, 'value': 0}]}]"
252,0,0,0,0,0,0,0,0,0,0,0,0,0,0.0,0.0,0.0,0.0,0,False,544,18,"[{'fixture': 175, 'stats': [{'identifier': 'minutes', 'points': 0, 'value': 0}]}]"
253,0,0,0,0,0,0,0,0,0,0,0,0,0,0.0,0.0,0.0,0.0,0,False,545,18,"[{'fixture': 178, 'stats': [{'identifier': 'minutes', 'points': 0, 'value': 0}]}]"
254,0,0,0,0,0,0,0,0,0,0,0,0,0,0.0,0.0,0.0,0.0,0,False,546,18,"[{'fixture': 173, 'stats': [{'identifier': 'minutes', 'points': 0, 'value': 0}]}]"
255,0,0,0,0,0,0,0,0,0,0,0,0,0,0.0,0.0,0.0,0.0,0,False,549,18,"[{'fixture': 179, 'stats': [{'identifier': 'minutes', 'points': 0, 'value': 0}]}]"
256,0,0,0,0,0,0,0,0,0,0,0,0,0,0.0,0.0,0.0,0.0,0,False,552,18,"[{'fixture': 177, 'stats': [{'identifier': 'minutes', 'points': 0, 'value': 0}]}]"
257,0,0,0,0,0,0,0,0,0,0,0,0,0,0.0,0.0,0.0,0.0,0,False,572,18,"[{'fixture': 172, 'stats': [{'identifier': 'minutes', 'points': 0, 'value': 0}]}]"
258,0,0,0,0,0,0,0,0,0,0,0,0,0,0.0,0.0,0.0,0.0,0,False,575,18,[]
259,0,0,0,0,0,0,0,0,0,0,0,0,0,0.0,0.0,0.0,0.0,0,False,577,18,"[{'fixture': 174, 'stats': [{'identifier': 'minutes', 'points': 0, 'value': 0}]}]"
260,0,0,0,0,0,0,0,0,0,0,0,0,0,0.0,0.0,0.0,0.0,0,False,578,18,"[{'fixture': 176, 'stats': [{'identifier': 'minutes', 'points': 0, 'value': 0}]}]"
261,0,0,0,0,0,0,0,0,0,0,0,0,0,0.0,0.0,0.0,0.0,0,False,579,18,"[{'fixture': 176, 'stats': [{'identifier': 'minutes', 'points': 0, 'value': 0}]}]"
262,0,0,0,0,0,0,0,0,0,0,0,0,0,0.0,0.0,0.0,0.0,0,False,15,18,"[{'fixture': 174, 'stats': [{'identifier': 'minutes', 'points': 0, 'value': 0}]}]"
263,0,0,0,0,0,0,0,0,0,0,0,0,0,0.0,0.0,0.0,0.0,0,False,16,18,"[{'fixture': 174, 'stats': [{'identifier': 'minutes', 'points': 0, 'value': 0}]}]"
264,10,0,0,0,0,0,0,0,0,0,0,0,3,0.0,0.3,0.0,0.0,1,False,17,18,"[{'fixture': 174, 'stats': [{'identifier': 'minutes', 'points': 1, 'value': 10}]}]"
265,90,0,0,1,0,0,0,0,0,0,0,0,14,9.6,4.3,0.0,1.4,3,False,18,18,"[{'fixture': 174, 'stats': [{'identifier': 'minutes', 'points': 2, 'value': 90}, {'identifier': 'clean_sheets', 'points': 1, 'value': 1}]}]"
266,90,0,0,1,0,0,0,0,0,0,0,0,18,28.6,13.2,0.0,4.2,3,False,19,18,"[{'fixture': 174, 'stats': [{'identifier': 'minutes', 'points': 2, 'value': 90}, {'identifier': 'clean_sheets', 'points': 1, 'value': 1}]}]"
267,0,0,0,0,0,0,0,0,0,0,0,0,0,0.0,0.0,0.0,0.0,0,False,20,18,"[{'fixture': 174, 'stats': [{'identifier': 'minutes', 'points': 0, 'value': 0}]}]"
268,0,0,0,0,0,0,0,0,0,0,0,0,0,0.0,0.0,0.0,0.0,0,False,21,18,"[{'fixture': 174, 'stats': [{'identifier': 'minutes', 'points': 0, 'value': 0}]}]"
269,55,0,0,0,3,0,0,0,0,0,0,0,3,2.4,2.8,5.0,1.0,1,False,28,18,"[{'fixture': 171, 'stats': [{'identifier': 'minutes', 'points': 1, 'value': 55}]}]"
270,90,1,0,0,3,0,0,0,0,0,0,1,34,59.2,85.3,45.0,19.0,8,False,29,18,"[{'fixture': 171, 'stats': [{'identifier': 'minutes', 'points': 2, 'value': 90}, {'identifier': 'goals_scored', 'points': 5, 'value': 1}, {'identifier': 'bonus', 'points': 1, 'value': 1}]}]"
271,67,0,0,0,3,0,0,0,1,0,0,0,1,6.8,28.9,35.0,7.1,1,False,30,18,"[{'fixture': 171, 'stats': [{'identifier': 'minutes', 'points': 2, 'value': 67}, {'identifier': 'yellow_cards', 'points': -1, 'value': 1}]}]"
272,7,0,0,0,0,0,0,0,0,0,0,0,3,0.0,1.1,0.0,0.0,1,False,31,18,"[{'fixture': 171, 'stats': [{'identifier': 'minutes', 'points': 1, 'value': 7}]}]"
273,0,0,0,0,0,0,0,0,0,0,0,0,0,0.0,0.0,0.0,0.0,0,False,32,18,"[{'fixture': 171, 'stats': [{'identifier': 'minutes', 'points': 0, 'value': 0}]}]"
274,0,0,0,0,0,0,0,0,0,0,0,0,0,0.0,0.0,0.0,0.0,0,False,33,18,"[{'fixture': 171, 'stats': [{'identifier': 'minutes', 'points': 0, 'value': 0}]}]"
275,0,0,0,0,0,0,0,0,0,0,0,0,0,0.0,0.0,0.0,0.0,0,False,34,18,"[{'fixture': 171, 'stats': [{'identifier': 'minutes', 'points': 0, 'value': 0}]}]"
276,0,0,0,0,0,0,0,0,0,0,0,0,0,0.0,0.0,0.0,0.0,0,False,35,18,"[{'fixture': 171, 'stats': [{'identifier': 'minutes', 'points': 0, 'value': 0}]}]"
277,0,0,0,0,0,0,0,0,0,0,0,0,0,0.0,0.0,0.0,0.0,0,False,36,18,"[{'fixture': 171, 'stats': [{'identifier': 'minutes', 'points': 0, 'value': 0}]}]"
278,45,0,0,0,1,0,0,0,0,0,0,0,2,0.0,5.1,0.0,0.5,1,False,49,18,"[{'fixture': 173, 'stats': [{'identifier': 'minutes', 'points': 1, 'value': 45}]}]"
279,0,0,0,0,0,0,0,0,0,0,0,0,0,0.0,0.0,0.0,0.0,0,False,50,18,"[{'fixture': 173, 'stats': [{'identifier': 'minutes', 'points': 0, 'value': 0}]}]"
280,0,0,0,0,0,0,0,0,0,0,0,0,0,0.0,0.0,0.0,0.0,0,False,51,18,"[{'fixture': 173, 'stats': [{'identifier': 'minutes', 'points': 0, 'value': 0}]}]"
281,0,0,0,0,0,0,0,0,0,0,0,0,0,0.0,0.0,0.0,0.0,0,False,52,18,"[{'fixture': 173, 'stats': [{'identifier': 'minutes', 'points': 0, 'value': 0}]}]"
282,34,0,0,0,0,0,0,0,1,0,0,0,1,4.4,6.8,14.0,2.5,0,False,53,18,"[{'fixture': 173, 'stats': [{'identifier': 'minutes', 'points': 1, 'value': 34}, {'identifier': 'yellow_cards', 'points': -1, 'value': 1}]}]"
283,90,0,0,0,1,0,0,0,0,0,0,0,10,8.2,13.0,22.0,4.3,2,False,54,18,"[{'fixture': 173, 'stats': [{'identifier': 'minutes', 'points': 2, 'value': 90}]}]"
284,0,0,0,0,0,0,0,0,0,0,0,0,0,0.0,0.0,0.0,0.0,0,False,55,18,"[{'fixture': 173, 'stats': [{'identifier': 'minutes', 'points': 0, 'value': 0}]}]"
285,0,0,0,0,0,0,0,0,0,0,0,0,0,0.0,0.0,0.0,0.0,0,False,56,18,"[{'fixture': 173, 'stats': [{'identifier': 'minutes', 'points': 0, 'value': 0}]}]"
286,90,0,0,0,1,0,0,0,0,0,0,0,12,10.8,16.6,0.0,2.7,2,False,57,18,"[{'fixture': 173, 'stats': [{'identifier': 'minutes', 'points': 2, 'value': 90}]}]"
287,90,0,0,0,1,0,0,0,0,0,0,0,12,9.4,19.0,2.0,3.0,2,False,75,18,"[{'fixture': 172, 'stats': [{'identifier': 'minutes', 'points': 2, 'value': 90}]}]"
288,0,0,0,0,0,0,0,0,0,0,0,0,0,0.0,0.0,0.0,0.0,0,False,76,18,"[{'fixture': 172, 'stats': [{'identifier': 'minutes', 'points': 0, 'value': 0}]}]"
289,0,0,0,0,0,0,0,0,0,0,0,0,0,0.0,0.0,0.0,0.0,0,False,77,18,"[{'fixture': 172, 'stats': [{'identifier': 'minutes', 'points': 0, 'value': 0}]}]"
290,0,0,0,0,0,0,0,0,0,0,0,0,0,0.0,0.0,0.0,0.0,0,False,78,18,"[{'fixture': 172, 'stats': [{'identifier': 'minutes', 'points': 0, 'value': 0}]}]"
291,45,0,0,0,0,0,0,0,0,0,0,0,-1,2.2,1.8,0.0,0.4,1,False,79,18,"[{'fixture': 172, 'stats': [{'identifier': 'minutes', 'points': 1, 'value': 45}]}]"
292,0,0,0,0,0,0,0,0,0,0,0,0,0,0.0,0.0,0.0,0.0,0,False,80,18,"[{'fixture': 172, 'stats': [{'identifier': 'minutes', 'points': 0, 'value': 0}]}]"
293,90,0,0,0,1,0,0,0,0,0,0,0,7,8.8,1.4,4.0,1.4,2,False,81,18,"[{'fixture': 172, 'stats': [{'identifier': 'minutes', 'points': 2, 'value': 90}]}]"
294,90,0,0,0,1,0,0,0,0,0,0,0,6,8.2,2.3,2.0,1.3,2,False,82,18,"[{'fixture': 172, 'stats': [{'identifier': 'minutes', 'points': 2, 'value': 90}]}]"
295,0,0,0,0,0,0,0,0,0,0,0,0,0,0.0,0.0,0.0,0.0,0,False,96,18,"[{'fixture': 172, 'stats': [{'identifier': 'minutes', 'points': 0, 'value': 0}]}]"
296,81,0,0,1,0,0,0,0,1,0,0,0,1,1.0,4.8,0.0,0.6,2,False,97,18,"[{'fixture': 172, 'stats': [{'identifier': 'minutes', 'points': 2, 'value': 81}, {'identifier': 'clean_sheets', 'points': 1, 'value': 1}, {'identifier': 'yellow_cards', 'points': -1, 'value': 1}]}]"
297,8,0,0,0,0,0,0,0,0,0,0,0,3,0.2,0.0,0.0,0.0,1,False,98,18,"[{'fixture': 172, 'stats': [{'identifier': 'minutes', 'points': 1, 'value': 8}]}]"
298,0,0,0,0,0,0,0,0,0,0,0,0,0,0.0,0.0,0.0,0.0,0,False,99,18,"[{'fixture': 172, 'stats': [{'identifier': 'minutes', 'points': 0, 'value': 0}]}]"
299,64,0,0,1,0,0,0,0,1,0,0,0,4,0.0,0.1,2.0,0.2,2,False,100,18,"[{'fixture': 172, 'stats': [{'identifier': 'minutes', 'points': 2, 'value': 64}, {'identifier': 'clean_sheets', 'points': 1, 'value': 1}, {'identifier': 'yellow_cards', 'points': -1, 'value': 1}]}]"
300,90,0,1,1,0,0,0,0,1,0,0,0,11,20.4,12.8,2.0,3.5,5,False,101,18,"[{'fixture': 172, 'stats': [{'identifier': 'minutes', 'points': 2, 'value': 90}, {'identifier': 'assists', 'points': 3, 'value': 1}, {'identifier': 'clean_sheets', 'points': 1, 'value': 1}, {'identifier': 'yellow_cards', 'points': -1, 'value': 1}]}]"
301,90,0,0,1,0,0,0,0,0,0,0,0,6,6.8,1.8,0.0,0.9,3,False,102,18,"[{'fixture': 172, 'stats': [{'identifier': 'minutes', 'points': 2, 'value': 90}, {'identifier': 'clean_sheets', 'points': 1, 'value': 1}]}]"
302,90,2,0,1,0,0,0,0,0,0,0,3,60,87.2,70.3,36.0,19.4,16,True,113,18,"[{'fixture': 178, 'stats': [{'identifier': 'minutes', 'points': 2, 'value': 90}, {'identifier': 'goals_scored', 'points': 10, 'value': 2}, {'identifier': 'clean_sheets', 'points': 1, 'value': 1}, {'identifier': 'bonus', 'points': 3, 'value': 3}]}]"
303,0,0,0,0,0,0,0,0,0,0,0,0,0,0.0,0.0,0.0,0.0,0,False,114,18,"[{'fixture': 178, 'stats': [{'identifier': 'minutes', 'points': 0, 'value': 0}]}]"
304,0,0,0,0,0,0,0,0,0,0,0,0,0,0.0,0.0,0.0,0.0,0,False,115,18,"[{'fixture': 178, 'stats': [{'identifier': 'minutes', 'points': 0, 'value': 0}]}]"
305,0,0,0,0,0,0,0,0,0,0,0,0,0,0.0,0.0,0.0,0.0,0,False,116,18,"[{'fixture': 178, 'stats': [{'identifier': 'minutes', 'points': 0, 'value': 0}]}]"
306,0,0,0,0,0,0,0,0,0,0,0,0,0,0.0,0.0,0.0,0.0,0,False,117,18,"[{'fixture': 178, 'stats': [{'identifier': 'minutes', 'points': 0, 'value': 0}]}]"
307,22,0,0,0,0,0,0,0,0,0,0,0,13,9.4,14.5,0.0,2.4,1,False,118,18,"[{'fixture': 178, 'stats': [{'identifier': 'minutes', 'points': 1, 'value': 22}]}]"
308,90,0,0,1,0,0,0,0,0,0,0,0,14,10.6,18.1,9.0,3.8,3,False,119,18,"[{'fixture': 178, 'stats': [{'identifier': 'minutes', 'points': 2, 'value': 90}, {'identifier': 'clean_sheets', 'points': 1, 'value': 1}]}]"
309,0,0,0,0,0,0,0,0,0,0,0,0,0,0.0,0.0,0.0,0.0,0,False,120,18,"[{'fixture': 172, 'stats': [{'identifier': 'minutes', 'points': 0, 'value': 0}]}]"
310,0,0,0,0,0,0,0,0,0,0,0,0,0,0.0,0.0,0.0,0.0,0,False,121,18,"[{'fixture': 178, 'stats': [{'identifier': 'minutes', 'points': 0, 'value': 0}]}]"
311,90,0,0,0,1,0,0,0,0,0,0,0,1,8.4,7.3,31.0,4.7,2,False,133,18,"[{'fixture': 176, 'stats': [{'identifier': 'minutes', 'points': 2, 'value': 90}]}]"
312,90,0,0,0,1,0,0,0,0,0,0,0,13,21.4,26.7,17.0,6.5,2,False,134,18,"[{'fixture': 176, 'stats': [{'identifier': 'minutes', 'points': 2, 'value': 90}]}]"
313,0,0,0,0,0,0,0,0,0,0,0,0,0,0.0,0.0,0.0,0.0,0,False,135,18,"[{'fixture': 176, 'stats': [{'identifier': 'minutes', 'points': 0, 'value': 0}]}]"
314,4,0,0,0,0,0,0,0,0,0,0,0,0,0.0,0.1,6.0,0.3,1,False,136,18,"[{'fixture': 176, 'stats': [{'identifier': 'minutes', 'points': 1, 'value': 4}]}]"
315,0,0,0,0,0,0,0,0,0,0,0,0,0,0.0,0.0,0.0,0.0,0,False,137,18,"[{'fixture': 176, 'stats': [{'identifier': 'minutes', 'points': 0, 'value': 0}]}]"
316,85,0,0,0,1,0,0,0,0,0,0,0,13,18.0,14.3,73.0,10.5,2,False,138,18,"[{'fixture': 176, 'stats': [{'identifier': 'minutes', 'points': 2, 'value': 85}]}]"
317,90,0,0,0,1,0,0,0,0,0,0,0,16,16.8,0.3,4.0,2.1,2,False,139,18,"[{'fixture': 176, 'stats': [{'identifier': 'minutes', 'points': 2, 'value': 90}]}]"
318,0,0,0,0,0,0,0,0,0,0,0,0,0,0.0,0.0,0.0,0.0,0,False,140,18,"[{'fixture': 176, 'stats': [{'identifier': 'minutes', 'points': 0, 'value': 0}]}]"
319,90,0,0,1,0,0,0,0,0,0,0,0,9,7.2,22.3,32.0,6.2,3,False,150,18,"[{'fixture': 174, 'stats': [{'identifier': 'minutes', 'points': 2, 'value': 90}, {'identifier': 'clean_sheets', 'points': 1, 'value': 1}]}]"
320,90,0,0,1,0,0,0,0,1,0,0,0,1,1.8,1.7,11.0,1.5,2,False,151,18,"[{'fixture': 174, 'stats': [{'identifier': 'minutes', 'points': 2, 'value': 90}, {'identifier': 'clean_sheets', 'points': 1, 'value': 1}, {'identifier': 'yellow_cards', 'points': -1, 'value': 1}]}]"
321,0,0,0,0,0,0,0,0,0,0,0,0,0,0.0,0.0,0.0,0.0,0,False,152,18,"[{'fixture': 174, 'stats': [{'identifier': 'minutes', 'points': 0, 'value': 0}]}]"
322,0,0,0,0,0,0,0,0,0,0,0,0,0,0.0,0.0,0.0,0.0,0,False,153,18,"[{'fixture': 174, 'stats': [{'identifier': 'minutes', 'points': 0, 'value': 0}]}]"
323,90,0,0,1,0,0,0,0,1,0,0,0,3,5.8,12.3,9.0,2.7,2,False,154,18,"[{'fixture': 174, 'stats': [{'identifier': 'minutes', 'points': 2, 'value': 90}, {'identifier': 'clean_sheets', 'points': 1, 'value': 1}, {'identifier': 'yellow_cards', 'points': -1, 'value': 1}]}]"
324,0,0,0,0,0,0,0,0,0,0,0,0,0,0.0,0.0,0.0,0.0,0,False,155,18,"[{'fixture': 174, 'stats': [{'identifier': 'minutes', 'points': 0, 'value': 0}]}]"
325,0,0,0,0,0,0,0,0,0,0,0,0,0,0.0,0.0,0.0,0.0,0,False,156,18,"[{'fixture': 174, 'stats': [{'identifier': 'minutes', 'points': 0, 'value': 0}]}]"
326,90,0,0,0,1,0,0,0,0,0,0,0,8,8.0,2.9,3.0,1.4,2,False,157,18,"[{'fixture': 176, 'stats': [{'identifier': 'minutes', 'points': 2, 'value': 90}]}]"
327,0,0,0,0,0,0,0,0,0,0,0,0,0,0.0,0.0,0.0,0.0,0,False,158,18,"[{'fixture': 174, 'stats': [{'identifier': 'minutes', 'points': 0, 'value': 0}]}]"
328,90,0,0,0,3,0,0,0,0,0,0,0,9,8.0,12.1,7.0,2.7,2,False,171,18,"[{'fixture': 175, 'stats': [{'identifier': 'minutes', 'points': 2, 'value': 90}]}]"
329,63,0,1,0,2,0,0,0,0,0,0,0,12,15.8,13.2,4.0,3.3,5,False,172,18,"[{'fixture': 175, 'stats': [{'identifier': 'minutes', 'points': 2, 'value': 63}, {'identifier': 'assists', 'points': 3, 'value': 1}]}]"
330,0,0,0,0,0,0,0,0,0,0,0,0,0,0.0,0.0,0.0,0.0,0,False,173,18,"[{'fixture': 175, 'stats': [{'identifier': 'minutes', 'points': 0, 'value': 0}]}]"
331,26,0,0,0,1,0,0,0,0,0,0,0,3,3.4,4.3,0.0,0.8,1,False,174,18,"[{'fixture': 175, 'stats': [{'identifier': 'minutes', 'points': 1, 'value': 26}]}]"
332,22,0,0,0,1,0,0,0,0,0,0,0,0,0.4,0.9,2.0,0.3,1,False,175,18,"[{'fixture': 175, 'stats': [{'identifier': 'minutes', 'points': 1, 'value': 22}]}]"
333,90,0,0,0,3,0,0,0,1,0,0,0,13,13.8,0.4,0.0,1.4,1,False,176,18,"[{'fixture': 175, 'stats': [{'identifier': 'minutes', 'points': 2, 'value': 90}, {'identifier': 'yellow_cards', 'points': -1, 'value': 1}]}]"
334,0,0,0,0,0,0,0,0,0,0,0,0,0,0.0,0.0,0.0,0.0,0,False,177,18,"[{'fixture': 175, 'stats': [{'identifier': 'minutes', 'points': 0, 'value': 0}]}]"
335,0,0,0,0,0,0,0,0,0,0,0,0,0,0.0,0.0,0.0,0.0,0,False,178,18,"[{'fixture': 175, 'stats': [{'identifier': 'minutes', 'points': 0, 'value': 0}]}]"
336,0,0,0,0,0,0,0,0,0,0,0,0,0,0.0,0.0,0.0,0.0,0,False,179,18,"[{'fixture': 175, 'stats': [{'identifier': 'minutes', 'points': 0, 'value': 0}]}]"
337,0,0,0,0,0,0,0,0,0,0,0,0,0,0.0,0.0,0.0,0.0,0,False,180,18,"[{'fixture': 175, 'stats': [{'identifier': 'minutes', 'points': 0, 'value': 0}]}]"
338,0,0,0,0,0,0,0,0,0,0,0,0,0,0.0,0.0,0.0,0.0,0,False,191,18,[]
339,0,0,0,0,0,0,0,0,0,0,0,0,0,0.0,0.0,0.0,0.0,0,False,192,18,[]
340,0,0,0,0,0,0,0,0,0,0,0,0,0,0.0,0.0,0.0,0.0,0,False,193,18,[]
341,0,0,0,0,0,0,0,0,0,0,0,0,0,0.0,0.0,0.0,0.0,0,False,194,18,[]
342,0,0,0,0,0,0,0,0,0,0,0,0,0,0.0,0.0,0.0,0.0,0,False,195,18,[]
343,0,0,0,0,0,0,0,0,0,0,0,0,0,0.0,0.0,0.0,0.0,0,False,196,18,[]
344,0,0,0,0,0,0,0,0,0,0,0,0,0,0.0,0.0,0.0,0.0,0,False,197,18,[]
345,0,0,0,0,0,0,0,0,0,0,0,0,0,0.0,0.0,0.0,0.0,0,False,198,18,[]
346,0,0,0,0,0,0,0,0,0,0,0,0,0,0.0,0.0,0.0,0.0,0,False,199,18,[]
347,0,0,0,0,0,0,0,0,0,0,0,0,0,0.0,0.0,0.0,0.0,0,False,200,18,[]
348,0,0,0,0,0,0,0,0,0,0,0,0,0,0.0,0.0,0.0,0.0,0,False,201,18,[]
349,88,0,1,0,1,0,0,0,0,0,0,0,16,7.4,36.3,69.0,11.3,5,False,214,18,"[{'fixture': 175, 'stats': [{'identifier': 'minutes', 'points': 2, 'value': 88}, {'identifier': 'assists', 'points': 3, 'value': 1}]}]"
350,90,0,1,0,1,0,0,0,1,0,0,0,28,48.8,86.6,56.0,19.1,4,False,215,18,"[{'fixture': 175, 'stats': [{'identifier': 'minutes', 'points': 2, 'value': 90}, {'identifier': 'assists', 'points': 3, 'value': 1}, {'identifier': 'yellow_cards', 'points': -1, 'value': 1}]}]"
351,0,0,0,0,0,0,0,0,0,0,0,0,0,0.0,0.0,0.0,0.0,0,False,216,18,"[{'fixture': 175, 'stats': [{'identifier': 'minutes', 'points': 0, 'value': 0}]}]"
352,90,1,0,0,1,0,0,0,0,0,0,1,30,50.8,50.7,114.0,21.6,8,False,217,18,"[{'fixture': 175, 'stats': [{'identifier': 'minutes', 'points': 2, 'value': 90}, {'identifier': 'goals_scored', 'points': 5, 'value': 1}, {'identifier': 'bonus', 'points': 1, 'value': 1}]}]"
353,90,0,0,0,1,0,0,0,0,0,0,0,10,9.0,17.9,6.0,3.3,2,False,218,18,"[{'fixture': 175, 'stats': [{'identifier': 'minutes', 'points': 2, 'value': 90}]}]"
354,0,0,0,0,0,0,0,0,0,0,0,0,0,0.0,0.0,0.0,0.0,0,False,219,18,"[{'fixture': 175, 'stats': [{'identifier': 'minutes', 'points': 0, 'value': 0}]}]"
355,1,0,0,0,0,0,0,0,0,0,0,0,3,0.2,0.3,0.0,0.1,1,False,220,18,"[{'fixture': 175, 'stats': [{'identifier': 'minutes', 'points': 1, 'value': 1}]}]"
356,90,0,0,0,1,0,0,0,0,0,0,0,16,19.2,1.9,0.0,2.1,2,False,221,18,"[{'fixture': 175, 'stats': [{'identifier': 'minutes', 'points': 2, 'value': 90}]}]"
357,78,1,0,0,1,0,0,0,1,0,0,2,32,37.6,14.8,20.0,7.2,8,False,222,18,"[{'fixture': 175, 'stats': [{'identifier': 'minutes', 'points': 2, 'value': 78}, {'identifier': 'goals_scored', 'points': 5, 'value': 1}, {'identifier': 'yellow_cards', 'points': -1, 'value': 1}, {'identifier': 'bonus', 'points': 2, 'value': 2}]}]"
358,26,0,0,0,0,0,0,0,0,0,0,0,6,11.2,18.3,24.0,5.4,1,False,238,18,"[{'fixture': 179, 'stats': [{'identifier': 'minutes', 'points': 1, 'value': 26}]}]"
359,90,0,0,0,2,0,0,0,0,0,0,0,21,17.8,41.1,47.0,10.6,2,False,239,18,"[{'fixture': 179, 'stats': [{'identifier': 'minutes', 'points': 2, 'value': 90}]}]"
360,0,0,0,0,0,0,0,0,0,0,0,0,0,0.0,0.0,0.0,0.0,0,False,240,18,"[{'fixture': 179, 'stats': [{'identifier': 'minutes', 'points': 0, 'value': 0}]}]"
361,63,0,0,0,2,0,0,0,0,0,0,0,3,3.4,4.1,21.0,2.9,2,False,241,18,"[{'fixture': 179, 'stats': [{'identifier': 'minutes', 'points': 2, 'value': 63}]}]"
362,18,0,0,0,0,0,0,0,0,0,0,0,3,2.0,19.7,1.0,2.3,1,False,242,18,"[{'fixture': 179, 'stats': [{'identifier': 'minutes', 'points': 1, 'value': 18}]}]"
363,57,0,0,0,2,0,0,0,0,0,0,0,5,4.4,11.3,0.0,1.6,1,False,243,18,"[{'fixture': 179, 'stats': [{'identifier': 'minutes', 'points': 1, 'value': 57}]}]"
364,90,0,0,0,2,0,0,0,0,0,0,0,22,28.2,50.3,0.0,7.9,2,False,244,18,"[{'fixture': 179, 'stats': [{'identifier': 'minutes', 'points': 2, 'value': 90}]}]"
365,0,0,0,0,0,0,0,0,0,0,0,0,0,0.0,0.0,0.0,0.0,0,False,245,18,"[{'fixture': 179, 'stats': [{'identifier': 'minutes', 'points': 0, 'value': 0}]}]"
366,0,0,0,0,0,0,0,0,0,0,0,0,0,0.0,0.0,0.0,0.0,0,False,246,18,"[{'fixture': 179, 'stats': [{'identifier': 'minutes', 'points': 0, 'value': 0}]}]"
367,0,0,0,0,0,0,0,0,0,0,0,0,0,0.0,0.0,0.0,0.0,0,False,247,18,"[{'fixture': 179, 'stats': [{'identifier': 'minutes', 'points': 0, 'value': 0}]}]"
368,71,0,0,0,2,0,0,0,0,0,0,0,9,10.2,2.2,33.0,4.5,2,False,248,18,"[{'fixture': 179, 'stats': [{'identifier': 'minutes', 'points': 2, 'value': 71}]}]"
369,0,0,0,0,0,0,0,0,0,0,0,0,0,0.0,0.0,0.0,0.0,0,False,249,18,"[{'fixture': 179, 'stats': [{'identifier': 'minutes', 'points': 0, 'value': 0}]}]"
370,0,0,0,0,0,0,0,0,0,0,0,0,0,0.0,0.0,0.0,0.0,0,False,250,18,"[{'fixture': 179, 'stats': [{'identifier': 'minutes', 'points': 0, 'value': 0}]}]"
371,67,0,0,0,2,0,0,0,0,0,0,0,6,7.4,11.7,3.0,2.2,2,False,265,18,"[{'fixture': 175, 'stats': [{'identifier': 'minutes', 'points': 2, 'value': 67}]}]"
372,90,1,0,1,0,0,0,0,1,0,0,3,35,55.0,7.9,36.0,9.9,10,True,266,18,"[{'fixture': 176, 'stats': [{'identifier': 'minutes', 'points': 2, 'value': 90}, {'identifier': 'goals_scored', 'points': 5, 'value': 1}, {'identifier': 'clean_sheets', 'points': 1, 'value': 1}, {'identifier': 'yellow_cards', 'points': -1, 'value': 1}, {'identifier': 'bonus', 'points': 3, 'value': 3}]}]"
373,0,0,0,0,0,0,0,0,0,0,0,0,0,0.0,0.0,0.0,0.0,0,False,267,18,"[{'fixture': 176, 'stats': [{'identifier': 'minutes', 'points': 0, 'value': 0}]}]"
374,0,0,0,0,0,0,0,0,0,0,0,0,0,0.0,0.0,0.0,0.0,0,False,268,18,"[{'fixture': 176, 'stats': [{'identifier': 'minutes', 'points': 0, 'value': 0}]}]"
375,90,0,0,1,0,0,0,0,0,0,0,0,12,7.6,15.7,10.0,3.3,3,False,269,18,"[{'fixture': 176, 'stats': [{'identifier': 'minutes', 'points': 2, 'value': 90}, {'identifier': 'clean_sheets', 'points': 1, 'value': 1}]}]"
376,26,0,0,0,0,0,0,0,0,0,0,0,3,2.0,1.3,0.0,0.3,1,False,270,18,"[{'fixture': 176, 'stats': [{'identifier': 'minutes', 'points': 1, 'value': 26}]}]"
377,63,0,0,1,0,0,0,0,0,0,0,0,8,4.4,5.7,4.0,1.4,3,False,271,18,"[{'fixture': 176, 'stats': [{'identifier': 'minutes', 'points': 2, 'value': 63}, {'identifier': 'clean_sheets', 'points': 1, 'value': 1}]}]"
378,4,0,0,0,0,0,0,0,0,0,0,0,3,0.4,0.2,0.0,0.1,1,False,282,18,"[{'fixture': 177, 'stats': [{'identifier': 'minutes', 'points': 1, 'value': 4}]}]"
379,90,0,0,0,2,0,0,0,0,0,0,2,31,29.4,114.1,1.0,14.5,4,False,283,18,"[{'fixture': 177, 'stats': [{'identifier': 'minutes', 'points': 2, 'value': 90}, {'identifier': 'bonus', 'points': 2, 'value': 2}]}]"
380,3,0,0,0,0,0,0,0,0,0,0,0,5,2.0,0.3,0.0,0.2,1,False,284,18,"[{'fixture': 177, 'stats': [{'identifier': 'minutes', 'points': 1, 'value': 3}]}]"
381,0,0,0,0,0,0,0,0,0,0,0,0,0,0.0,0.0,0.0,0.0,0,False,285,18,"[{'fixture': 177, 'stats': [{'identifier': 'minutes', 'points': 0, 'value': 0}]}]"
382,90,0,0,0,2,0,0,0,0,0,0,0,9,11.6,3.4,33.0,4.8,2,False,286,18,"[{'fixture': 177, 'stats': [{'identifier': 'minutes', 'points': 2, 'value': 90}]}]"
383,86,1,0,0,2,0,0,0,0,0,0,3,33,41.4,4.9,17.0,6.3,10,True,287,18,"[{'fixture': 177, 'stats': [{'identifier': 'minutes', 'points': 2, 'value': 86}, {'identifier': 'goals_scored', 'points': 5, 'value': 1}, {'identifier': 'bonus', 'points': 3, 'value': 3}]}]"
384,0,0,0,0,0,0,0,0,0,0,0,0,0,0.0,0.0,0.0,0.0,0,False,288,18,"[{'fixture': 177, 'stats': [{'identifier': 'minutes', 'points': 0, 'value': 0}]}]"
385,86,0,0,0,2,0,0,0,0,0,0,0,11,12.6,4.6,15.0,3.2,2,False,289,18,"[{'fixture': 177, 'stats': [{'identifier': 'minutes', 'points': 2, 'value': 86}]}]"
386,85,0,0,0,2,0,0,0,0,0,0,0,16,23.6,1.5,0.0,2.5,2,False,290,18,"[{'fixture': 177, 'stats': [{'identifier': 'minutes', 'points': 2, 'value': 85}]}]"
387,0,0,0,0,0,0,0,0,0,0,0,0,0,0.0,0.0,0.0,0.0,0,False,300,18,"[{'fixture': 173, 'stats': [{'identifier': 'minutes', 'points': 0, 'value': 0}]}]"
388,0,0,0,0,0,0,0,0,0,0,0,0,0,0.0,0.0,0.0,0.0,0,False,301,18,"[{'fixture': 173, 'stats': [{'identifier': 'minutes', 'points': 0, 'value': 0}]}]"
389,81,0,0,1,0,0,0,0,0,0,0,0,13,16.4,15.2,0.0,3.2,3,False,302,18,"[{'fixture': 173, 'stats': [{'identifier': 'minutes', 'points': 2, 'value': 81}, {'identifier': 'clean_sheets', 'points': 1, 'value': 1}]}]"
390,90,0,0,0,1,0,0,0,0,0,0,0,6,6.6,28.6,10.0,4.5,2,False,320,18,"[{'fixture': 171, 'stats': [{'identifier': 'minutes', 'points': 2, 'value': 90}]}]"
391,90,0,1,0,1,0,0,0,1,0,0,0,21,37.2,15.8,14.0,6.7,4,False,321,18,"[{'fixture': 171, 'stats': [{'identifier': 'minutes', 'points': 2, 'value': 90}, {'identifier': 'assists', 'points': 3, 'value': 1}, {'identifier': 'yellow_cards', 'points': -1, 'value': 1}]}]"
392,0,0,0,0,0,0,0,0,0,0,0,0,0,0.0,0.0,0.0,0.0,0,False,322,18,"[{'fixture': 171, 'stats': [{'identifier': 'minutes', 'points': 0, 'value': 0}]}]"
393,75,0,0,0,1,0,0,0,0,0,0,0,6,3.2,2.1,6.0,1.1,2,False,323,18,"[{'fixture': 171, 'stats': [{'identifier': 'minutes', 'points': 2, 'value': 75}]}]"
394,0,0,0,0,0,0,0,0,0,0,0,0,0,0.0,0.0,0.0,0.0,0,False,324,18,"[{'fixture': 171, 'stats': [{'identifier': 'minutes', 'points': 0, 'value': 0}]}]"
395,90,0,0,0,1,0,0,0,0,0,0,0,15,23.2,12.1,20.0,5.5,2,False,325,18,"[{'fixture': 171, 'stats': [{'identifier': 'minutes', 'points': 2, 'value': 90}]}]"
396,0,0,0,0,0,0,0,0,0,0,0,0,0,0.0,0.0,0.0,0.0,0,False,326,18,"[{'fixture': 171, 'stats': [{'identifier': 'minutes', 'points': 0, 'value': 0}]}]"
397,0,0,0,0,0,0,0,0,0,0,0,0,0,0.0,0.0,0.0,0.0,0,False,327,18,"[{'fixture': 171, 'stats': [{'identifier': 'minutes', 'points': 0, 'value': 0}]}]"
398,14,0,0,0,0,0,0,0,0,0,0,0,2,4.2,0.1,0.0,0.4,1,False,328,18,"[{'fixture': 171, 'stats': [{'identifier': 'minutes', 'points': 1, 'value': 14}]}]"
399,61,0,0,0,2,0,0,0,0,1,0,0,-3,0.0,1.3,8.0,0.4,-1,False,342,18,"[{'fixture': 178, 'stats': [{'identifier': 'minutes', 'points': 2, 'value': 61}, {'identifier': 'red_cards', 'points': -3, 'value': 1}]}]"
400,45,0,0,0,0,0,0,0,0,0,0,0,8,7.6,1.8,18.0,2.7,1,False,343,18,"[{'fixture': 178, 'stats': [{'identifier': 'minutes', 'points': 1, 'value': 45}]}]"
401,90,0,0,0,2,0,0,0,1,0,0,0,8,5.8,3.1,0.0,0.9,1,False,344,18,"[{'fixture': 178, 'stats': [{'identifier': 'minutes', 'points': 2, 'value': 90}, {'identifier': 'yellow_cards', 'points': -1, 'value': 1}]}]"
402,73,0,0,0,2,0,0,0,0,0,0,0,2,6.0,1.1,2.0,0.9,2,False,345,18,"[{'fixture': 178, 'stats': [{'identifier': 'minutes', 'points': 2, 'value': 73}]}]"
403,0,0,0,0,0,0,0,0,0,0,0,0,0,0.0,0.0,0.0,0.0,0,False,346,18,"[{'fixture': 178, 'stats': [{'identifier': 'minutes', 'points': 0, 'value': 0}]}]"
404,0,0,0,0,0,0,0,0,0,0,0,0,0,0.0,0.0,0.0,0.0,0,False,347,18,"[{'fixture': 178, 'stats': [{'identifier': 'minutes', 'points': 0, 'value': 0}]}]"
405,0,0,0,0,0,0,0,0,0,0,0,0,0,0.0,0.0,0.0,0.0,0,False,348,18,"[{'fixture': 178, 'stats': [{'identifier': 'minutes', 'points': 0, 'value': 0}]}]"
406,90,0,0,0,2,0,0,0,1,0,0,0,10,10.6,13.8,2.0,2.6,1,False,349,18,"[{'fixture': 178, 'stats': [{'identifier': 'minutes', 'points': 2, 'value': 90}, {'identifier': 'yellow_cards', 'points': -1, 'value': 1}]}]"
407,45,0,0,0,2,0,0,0,0,0,0,0,2,1.2,1.1,0.0,0.2,1,False,350,18,"[{'fixture': 178, 'stats': [{'identifier': 'minutes', 'points': 1, 'value': 45}]}]"
408,0,0,0,0,0,0,0,0,0,0,0,0,0,0.0,0.0,0.0,0.0,0,False,351,18,"[{'fixture': 178, 'stats': [{'identifier': 'minutes', 'points': 0, 'value': 0}]}]"
409,0,0,0,0,0,0,0,0,0,0,0,0,0,0.0,0.0,0.0,0.0,0,False,352,18,"[{'fixture': 178, 'stats': [{'identifier': 'minutes', 'points': 0, 'value': 0}]}]"
410,68,0,0,1,0,0,0,0,1,0,0,0,2,2.2,2.5,8.0,1.3,2,False,368,18,"[{'fixture': 179, 'stats': [{'identifier': 'minutes', 'points': 2, 'value': 68}, {'identifier': 'clean_sheets', 'points': 1, 'value': 1}, {'identifier': 'yellow_cards', 'points': -1, 'value': 1}]}]"
411,13,0,0,0,0,0,0,0,0,0,0,0,4,4.2,10.8,4.0,1.9,1,False,369,18,"[{'fixture': 179, 'stats': [{'identifier': 'minutes', 'points': 1, 'value': 13}]}]"
412,90,0,0,1,0,0,0,0,0,0,0,0,7,19.4,17.0,1.0,3.7,3,False,370,18,"[{'fixture': 179, 'stats': [{'identifier': 'minutes', 'points': 2, 'value': 90}, {'identifier': 'clean_sheets', 'points': 1, 'value': 1}]}]"
413,0,0,0,0,0,0,0,0,0,0,0,0,0,0.0,0.0,0.0,0.0,0,False,371,18,"[{'fixture': 179, 'stats': [{'identifier': 'minutes', 'points': 0, 'value': 0}]}]"
414,0,0,0,0,0,0,0,0,0,0,0,0,0,0.0,0.0,0.0,0.0,0,False,372,18,"[{'fixture': 179, 'stats': [{'identifier': 'minutes', 'points': 0, 'value': 0}]}]"
415,76,0,0,1,0,0,0,0,1,0,0,0,5,8.8,1.6,0.0,1.0,2,False,373,18,"[{'fixture': 179, 'stats': [{'identifier': 'minutes', 'points': 2, 'value': 76}, {'identifier': 'clean_sheets', 'points': 1, 'value': 1}, {'identifier': 'yellow_cards', 'points': -1, 'value': 1}]}]"
416,21,0,0,0,0,0,0,0,0,0,0,0,3,3.2,0.1,2.0,0.5,1,False,374,18,"[{'fixture': 179, 'stats': [{'identifier': 'minutes', 'points': 1, 'value': 21}]}]"
417,0,0,0,0,0,0,0,0,0,0,0,0,0,0.0,0.0,0.0,0.0,0,False,375,18,"[{'fixture': 179, 'stats': [{'identifier': 'minutes', 'points': 0, 'value': 0}]}]"
418,0,0,0,0,0,0,0,0,0,0,0,0,0,0.0,0.0,0.0,0.0,0,False,389,18,[]
419,0,0,0,0,0,0,0,0,0,0,0,0,0,0.0,0.0,0.0,0.0,0,False,390,18,[]
420,0,0,0,0,0,0,0,0,0,0,0,0,0,0.0,0.0,0.0,0.0,0,False,391,18,[]
421,0,0,0,0,0,0,0,0,0,0,0,0,0,0.0,0.0,0.0,0.0,0,False,392,18,[]
422,0,0,0,0,0,0,0,0,0,0,0,0,0,0.0,0.0,0.0,0.0,0,False,393,18,[]
423,0,0,0,0,0,0,0,0,0,0,0,0,0,0.0,0.0,0.0,0.0,0,False,394,18,[]
424,0,0,0,0,0,0,0,0,0,0,0,0,0,0.0,0.0,0.0,0.0,0,False,395,18,[]
425,0,0,0,0,0,0,0,0,0,0,0,0,0,0.0,0.0,0.0,0.0,0,False,396,18,[]
426,0,0,0,0,0,0,0,0,0,0,0,0,0,0.0,0.0,0.0,0.0,0,False,397,18,[]
427,0,0,0,0,0,0,0,0,0,0,0,0,0,0.0,0.0,0.0,0.0,0,False,398,18,[]
428,0,0,0,0,0,0,0,0,0,0,0,0,0,0.0,0.0,0.0,0.0,0,False,399,18,[]
429,0,0,0,0,0,0,0,0,0,0,0,0,0,0.0,0.0,0.0,0.0,0,False,400,18,[]
430,90,0,0,0,1,0,0,0,0,0,0,0,15,10.2,14.7,1.0,2.6,2,False,414,18,"[{'fixture': 177, 'stats': [{'identifier': 'minutes', 'points': 2, 'value': 90}]}]"
431,90,0,1,0,1,0,0,0,1,0,0,0,22,22.6,30.0,18.0,7.1,4,False,415,18,"[{'fixture': 177, 'stats': [{'identifier': 'minutes', 'points': 2, 'value': 90}, {'identifier': 'assists', 'points': 3, 'value': 1}, {'identifier': 'yellow_cards', 'points': -1, 'value': 1}]}]"
432,0,0,0,0,0,0,0,0,0,0,0,0,0,0.0,0.0,0.0,0.0,0,False,416,18,"[{'fixture': 177, 'stats': [{'identifier': 'minutes', 'points': 0, 'value': 0}]}]"
433,90,0,0,0,1,0,0,0,0,0,0,0,15,23.2,49.9,46.0,11.9,2,False,417,18,"[{'fixture': 177, 'stats': [{'identifier': 'minutes', 'points': 2, 'value': 90}]}]"
434,0,0,0,0,0,0,0,0,0,0,0,0,0,0.0,0.0,0.0,0.0,0,False,418,18,"[{'fixture': 177, 'stats': [{'identifier': 'minutes', 'points': 0, 'value': 0}]}]"
435,0,0,0,0,0,0,0,0,0,0,0,0,0,0.0,0.0,0.0,0.0,0,False,419,18,"[{'fixture': 177, 'stats': [{'identifier': 'minutes', 'points': 0, 'value': 0}]}]"
436,90,0,0,0,1,0,0,0,0,0,0,0,12,10.8,1.0,0.0,1.2,2,False,420,18,"[{'fixture': 177, 'stats': [{'identifier': 'minutes', 'points': 2, 'value': 90}]}]"
437,45,0,0,0,1,0,0,0,0,0,0,0,3,0.0,1.2,0.0,0.1,1,False,421,18,"[{'fixture': 173, 'stats': [{'identifier': 'minutes', 'points': 1, 'value': 45}]}]"
438,0,0,0,0,0,0,0,0,0,0,0,0,0,0.0,0.0,0.0,0.0,0,False,422,18,"[{'fixture': 174, 'stats': [{'identifier': 'minutes', 'points': 0, 'value': 0}]}]"
439,25,0,0,0,0,0,0,0,0,0,0,0,1,0.4,0.6,0.0,0.1,1,False,430,18,"[{'fixture': 172, 'stats': [{'identifier': 'minutes', 'points': 1, 'value': 25}]}]"
440,0,0,0,0,0,0,0,0,0,0,0,0,0,0.0,0.0,0.0,0.0,0,False,431,18,"[{'fixture': 178, 'stats': [{'identifier': 'minutes', 'points': 0, 'value': 0}]}]"
441,67,0,1,1,0,0,0,0,1,0,0,0,21,27.2,15.3,0.0,4.3,5,False,432,18,"[{'fixture': 178, 'stats': [{'identifier': 'minutes', 'points': 2, 'value': 67}, {'identifier': 'assists', 'points': 3, 'value': 1}, {'identifier': 'clean_sheets', 'points': 1, 'value': 1}, {'identifier': 'yellow_cards', 'points': -1, 'value': 1}]}]"
442,0,0,0,0,0,0,0,0,0,0,0,0,0,0.0,0.0,0.0,0.0,0,False,435,18,"[{'fixture': 177, 'stats': [{'identifier': 'minutes', 'points': 0, 'value': 0}]}]"
443,0,0,0,0,0,0,0,0,0,0,0,0,0,0.0,0.0,0.0,0.0,0,False,438,18,"[{'fixture': 171, 'stats': [{'identifier': 'minutes', 'points': 0, 'value': 0}]}]"
444,52,0,0,0,0,0,0,0,0,0,0,0,4,2.2,5.9,0.0,0.8,1,False,441,18,"[{'fixture': 173, 'stats': [{'identifier': 'minutes', 'points': 1, 'value': 52}]}]"
445,16,0,0,0,0,0,0,0,0,0,0,0,5,5.2,11.8,0.0,1.7,1,False,442,18,"[{'fixture': 178, 'stats': [{'identifier': 'minutes', 'points': 1, 'value': 16}]}]"
446,11,0,0,0,0,0,0,0,0,0,0,0,9,1.8,1.9,0.0,0.4,1,False,443,18,"[{'fixture': 175, 'stats': [{'identifier': 'minutes', 'points': 1, 'value': 11}]}]"
447,76,0,0,0,3,0,0,0,0,0,0,0,11,4.0,12.3,2.0,1.8,2,False,448,18,"[{'fixture': 175, 'stats': [{'identifier': 'minutes', 'points': 2, 'value': 76}]}]"
448,0,0,0,0,0,0,0,0,0,0,0,0,0,0.0,0.0,0.0,0.0,0,False,453,18,"[{'fixture': 173, 'stats': [{'identifier': 'minutes', 'points': 0, 'value': 0}]}]"
449,0,0,0,0,0,0,0,0,0,0,0,0,0,0.0,0.0,0.0,0.0,0,False,456,18,"[{'fixture': 173, 'stats': [{'identifier': 'minutes', 'points': 0, 'value': 0}]}]"
450,0,0,0,0,0,0,0,0,0,0,0,0,0,0.0,0.0,0.0,0.0,0,False,462,18,"[{'fixture': 178, 'stats': [{'identifier': 'minutes', 'points': 0, 'value': 0}]}]"
451,90,0,0,1,0,0,0,0,0,0,0,0,9,5.6,16.8,20.0,4.2,3,False,463,18,"[{'fixture': 178, 'stats': [{'identifier': 'minutes', 'points': 2, 'value': 90}, {'identifier': 'clean_sheets', 'points': 1, 'value': 1}]}]"
452,22,0,0,0,0,0,0,0,0,0,0,0,4,8.0,18.5,35.0,6.2,1,False,465,18,"[{'fixture': 171, 'stats': [{'identifier': 'minutes', 'points': 1, 'value': 22}]}]"
453,0,0,0,0,0,0,0,0,0,0,0,0,0,0.0,0.0,0.0,0.0,0,False,469,18,"[{'fixture': 174, 'stats': [{'identifier': 'minutes', 'points': 0, 'value': 0}]}]"
454,90,0,0,0,3,0,0,0,0,0,0,0,11,4.0,21.8,20.0,4.6,2,False,470,18,"[{'fixture': 171, 'stats': [{'identifier': 'minutes', 'points': 2, 'value': 90}]}]"
455,37,0,0,0,0,0,0,0,0,0,0,0,7,4.4,11.9,2.0,1.8,1,False,472,18,"[{'fixture': 173, 'stats': [{'identifier': 'minutes', 'points': 1, 'value': 37}]}]"
456,85,0,0,1,0,0,0,0,0,0,0,2,23,14.8,5.8,2.0,2.3,5,False,476,18,"[{'fixture': 172, 'stats': [{'identifier': 'minutes', 'points': 2, 'value': 85}, {'identifier': 'clean_sheets', 'points': 1, 'value': 1}, {'identifier': 'bonus', 'points': 2, 'value': 2}]}]"
457,0,0,0,0,0,0,0,0,0,0,0,0,0,0.0,0.0,0.0,0.0,0,False,480,18,"[{'fixture': 175, 'stats': [{'identifier': 'minutes', 'points': 0, 'value': 0}]}]"
458,0,0,0,0,0,0,0,0,0,0,0,0,0,0.0,0.0,0.0,0.0,0,False,482,18,"[{'fixture': 176, 'stats': [{'identifier': 'minutes', 'points': 0, 'value': 0}]}]"
459,0,0,0,0,0,0,0,0,0,0,0,0,0,0.0,0.0,0.0,0.0,0,False,483,18,"[{'fixture': 176, 'stats': [{'identifier': 'minutes', 'points': 0, 'value': 0}]}]"
460,0,0,0,0,0,0,0,0,0,0,0,0,0,0.0,0.0,0.0,0.0,0,False,488,18,"[{'fixture': 174, 'stats': [{'identifier': 'minutes', 'points': 0, 'value': 0}]}]"
461,90,0,0,1,0,0,0,0,0,0,0,0,9,9.8,21.4,4.0,3.5,3,False,489,18,"[{'fixture': 174, 'stats': [{'identifier': 'minutes', 'points': 2, 'value': 90}, {'identifier': 'clean_sheets', 'points': 1, 'value': 1}]}]"
462,24,0,0,0,0,0,0,0,1,0,0,0,1,1.4,10.3,0.0,1.2,0,False,490,18,"[{'fixture': 174, 'stats': [{'identifier': 'minutes', 'points': 1, 'value': 24}, {'identifier': 'yellow_cards', 'points': -1, 'value': 1}]}]"
463,82,0,0,0,3,0,0,0,0,0,0,0,16,14.6,13.5,0.0,2.8,2,False,491,18,"[{'fixture': 171, 'stats': [{'identifier': 'minutes', 'points': 2, 'value': 82}]}]"
464,0,0,0,0,0,0,0,0,0,0,0,0,0,0.0,0.0,0.0,0.0,0,False,492,18,"[{'fixture': 172, 'stats': [{'identifier': 'minutes', 'points': 0, 'value': 0}]}]"
465,0,0,0,0,0,0,0,0,0,0,0,0,0,0.0,0.0,0.0,0.0,0,False,497,18,"[{'fixture': 174, 'stats': [{'identifier': 'minutes', 'points': 0, 'value': 0}]}]"
466,0,0,0,0,0,0,0,0,0,0,0,0,0,0.0,0.0,0.0,0.0,0,False,499,18,"[{'fixture': 176, 'stats': [{'identifier': 'minutes', 'points': 0, 'value': 0}]}]"
467,0,0,0,0,0,0,0,0,0,0,0,0,0,0.0,0.0,0.0,0.0,0,False,500,18,"[{'fixture': 176, 'stats': [{'identifier': 'minutes', 'points': 0, 'value': 0}]}]"
468,0,0,0,0,0,0,0,0,0,0,0,0,0,0.0,0.0,0.0,0.0,0,False,505,18,"[{'fixture': 172, 'stats': [{'identifier': 'minutes', 'points': 0, 'value': 0}]}]"
469,0,0,0,0,0,0,0,0,0,0,0,0,0,0.0,0.0,0.0,0.0,0,False,507,18,"[{'fixture': 177, 'stats': [{'identifier': 'minutes', 'points': 0, 'value': 0}]}]"
470,0,0,0,0,0,0,0,0,0,0,0,0,0,0.0,0.0,0.0,0.0,0,False,508,18,"[{'fixture': 171, 'stats': [{'identifier': 'minutes', 'points': 0, 'value': 0}]}]"
471,0,0,0,0,0,0,0,0,0,0,0,0,0,0.0,0.0,0.0,0.0,0,False,510,18,"[{'fixture': 176, 'stats': [{'identifier': 'minutes', 'points': 0, 'value': 0}]}]"
472,90,0,0,0,1,0,0,0,0,0,0,0,12,18.4,32.8,23.0,7.4,2,False,516,18,"[{'fixture': 173, 'stats': [{'identifier': 'minutes', 'points': 2, 'value': 90}]}]"
473,13,0,0,0,0,0,0,0,0,0,0,0,3,0.6,0.5,0.0,0.1,1,False,517,18,"[{'fixture': 175, 'stats': [{'identifier': 'minutes', 'points': 1, 'value': 13}]}]"
474,8,0,0,0,0,0,0,0,0,0,0,0,4,0.4,0.0,0.0,0.0,1,False,522,18,"[{'fixture': 173, 'stats': [{'identifier': 'minutes', 'points': 1, 'value': 8}]}]"
475,0,0,0,0,0,0,0,0,0,0,0,0,0,0.0,0.0,0.0,0.0,0,False,523,18,"[{'fixture': 178, 'stats': [{'identifier': 'minutes', 'points': 0, 'value': 0}]}]"
476,0,0,0,0,0,0,0,0,0,0,0,0,0,0.0,0.0,0.0,0.0,0,False,524,18,"[{'fixture': 178, 'stats': [{'identifier': 'minutes', 'points': 0, 'value': 0}]}]"
477,86,1,1,1,0,0,0,0,0,0,0,2,30,32.4,0.6,41.0,7.4,13,True,525,18,"[{'fixture': 179, 'stats': [{'identifier': 'minutes', 'points': 2, 'value': 86}, {'identifier': 'goals_scored', 'points': 5, 'value': 1}, {'identifier': 'assists', 'points': 3, 'value': 1}, {'identifier': 'clean_sheets', 'points': 1, 'value': 1}, {'identifier': 'bonus', 'points': 2, 'value': 2}]}]"
478,0,0,0,0,0,0,0,0,0,0,0,0,0,0.0,0.0,0.0,0.0,0,False,527,18,"[{'fixture': 178, 'stats': [{'identifier': 'minutes', 'points': 0, 'value': 0}]}]"
479,13,0,0,0,0,0,0,0,0,0,0,0,8,6.2,15.3,18.0,4.0,1,False,528,18,"[{'fixture': 177, 'stats': [{'identifier': 'minutes', 'points': 1, 'value': 13}]}]"
480,0,0,0,0,0,0,0,0,0,0,0,0,0,0.0,0.0,0.0,0.0,0,False,533,18,"[{'fixture': 178, 'stats': [{'identifier': 'minutes', 'points': 0, 'value': 0}]}]"
481,0,0,0,0,0,0,0,0,0,0,0,0,0,0.0,0.0,0.0,0.0,0,False,537,18,"[{'fixture': 173, 'stats': [{'identifier': 'minutes', 'points': 0, 'value': 0}]}]"
482,0,0,0,0,0,0,0,0,0,0,0,0,0,0.0,0.0,0.0,0.0,0,False,539,18,"[{'fixture': 176, 'stats': [{'identifier': 'minutes', 'points': 0, 'value': 0}]}]"
483,0,0,0,0,0,0,0,0,0,0,0,0,0,0.0,0.0,0.0,0.0,0,False,540,18,"[{'fixture': 176, 'stats': [{'identifier': 'minutes', 'points': 0, 'value': 0}]}]"
484,90,0,0,1,0,0,0,0,1,0,0,0,8,16.6,2.0,0.0,1.9,2,False,541,18,"[{'fixture': 174, 'stats': [{'identifier': 'minutes', 'points': 2, 'value': 90}, {'identifier': 'clean_sheets', 'points': 1, 'value': 1}, {'identifier': 'yellow_cards', 'points': -1, 'value': 1}]}]"
485,0,0,0,0,0,0,0,0,0,0,0,0,0,0.0,0.0,0.0,0.0,0,False,550,18,[]
486,0,0,0,0,0,0,0,0,0,0,0,0,0,0.0,0.0,0.0,0.0,0,False,557,18,"[{'fixture': 174, 'stats': [{'identifier': 'minutes', 'points': 0, 'value': 0}]}]"
487,0,0,0,0,0,0,0,0,0,0,0,0,0,0.0,0.0,0.0,0.0,0,False,560,18,"[{'fixture': 177, 'stats': [{'identifier': 'minutes', 'points': 0, 'value': 0}]}]"
488,0,0,0,0,0,0,0,0,0,0,0,0,0,0.0,0.0,0.0,0.0,0,False,563,18,"[{'fixture': 179, 'stats': [{'identifier': 'minutes', 'points': 0, 'value': 0}]}]"
489,0,0,0,0,0,0,0,0,0,0,0,0,0,0.0,0.0,0.0,0.0,0,False,564,18,"[{'fixture': 172, 'stats': [{'identifier': 'minutes', 'points': 0, 'value': 0}]}]"
490,0,0,0,0,0,0,0,0,0,0,0,0,0,0.0,0.0,0.0,0.0,0,False,565,18,"[{'fixture': 172, 'stats': [{'identifier': 'minutes', 'points': 0, 'value': 0}]}]"
491,0,0,0,0,0,0,0,0,0,0,0,0,0,0.0,0.0,0.0,0.0,0,False,566,18,"[{'fixture': 177, 'stats': [{'identifier': 'minutes', 'points': 0, 'value': 0}]}]"
492,0,0,0,0,0,0,0,0,0,0,0,0,0,0.0,0.0,0.0,0.0,0,False,567,18,"[{'fixture': 177, 'stats': [{'identifier': 'minutes', 'points': 0, 'value': 0}]}]"
493,0,0,0,0,0,0,0,0,0,0,0,0,0,0.0,0.0,0.0,0.0,0,False,568,18,[]
494,0,0,0,0,0,0,0,0,0,0,0,0,0,0.0,0.0,0.0,0.0,0,False,569,18,[]
495,0,0,0,0,0,0,0,0,0,0,0,0,0,0.0,0.0,0.0,0.0,0,False,571,18,"[{'fixture': 172, 'stats': [{'identifier': 'minutes', 'points': 0, 'value': 0}]}]"
496,0,0,0,0,0,0,0,0,0,0,0,0,0,0.0,0.0,0.0,0.0,0,False,574,18,"[{'fixture': 172, 'stats': [{'identifier': 'minutes', 'points': 0, 'value': 0}]}]"
497,65,0,0,1,0,0,0,0,0,0,0,0,8,6.4,4.0,0.0,1.0,3,False,576,18,"[{'fixture': 174, 'stats': [{'identifier': 'minutes', 'points': 2, 'value': 65}, {'identifier': 'clean_sheets', 'points': 1, 'value': 1}]}]"
498,0,0,0,0,0,0,0,0,0,0,0,0,0,0.0,0.0,0.0,0.0,0,False,580,18,"[{'fixture': 176, 'stats': [{'identifier': 'minutes', 'points': 0, 'value': 0}]}]"
499,77,0,0,1,0,0,0,0,0,0,0,0,1,3.4,3.8,54.0,6.1,2,False,11,18,"[{'fixture': 174, 'stats': [{'identifier': 'minutes', 'points': 2, 'value': 77}]}]"
500,12,0,0,0,0,0,0,0,0,0,0,0,4,2.0,0.0,0.0,0.2,1,False,12,18,"[{'fixture': 174, 'stats': [{'identifier': 'minutes', 'points': 1, 'value': 12}]}]"
501,0,0,0,0,0,0,0,0,0,0,0,0,0,0.0,0.0,0.0,0.0,0,False,13,18,"[{'fixture': 174, 'stats': [{'identifier': 'minutes', 'points': 0, 'value': 0}]}]"
502,34,0,0,0,0,0,0,0,1,0,0,0,1,1.2,10.7,6.0,1.8,0,False,26,18,"[{'fixture': 171, 'stats': [{'identifier': 'minutes', 'points': 1, 'value': 34}, {'identifier': 'yellow_cards', 'points': -1, 'value': 1}]}]"
503,45,0,0,0,0,0,0,0,0,0,0,0,-2,0.8,4.2,4.0,0.9,1,False,44,18,"[{'fixture': 173, 'stats': [{'identifier': 'minutes', 'points': 1, 'value': 45}]}]"
504,0,0,0,0,0,0,0,0,0,0,0,0,0,0.0,0.0,0.0,0.0,0,False,45,18,"[{'fixture': 173, 'stats': [{'identifier': 'minutes', 'points': 0, 'value': 0}]}]"
505,0,0,0,0,0,0,0,0,0,0,0,0,0,0.0,0.0,0.0,0.0,0,False,46,18,"[{'fixture': 173, 'stats': [{'identifier': 'minutes', 'points': 0, 'value': 0}]}]"
506,45,0,0,0,1,0,0,0,0,0,0,0,1,1.8,5.3,4.0,1.1,1,False,67,18,"[{'fixture': 172, 'stats': [{'identifier': 'minutes', 'points': 1, 'value': 45}]}]"
507,90,0,0,0,1,0,0,0,0,0,0,0,3,7.4,4.8,2.0,1.4,2,False,68,18,"[{'fixture': 172, 'stats': [{'identifier': 'minutes', 'points': 2, 'value': 90}]}]"
508,4,0,0,0,1,0,0,0,0,0,0,0,3,0.0,0.3,0.0,0.0,1,False,69,18,"[{'fixture': 172, 'stats': [{'identifier': 'minutes', 'points': 1, 'value': 4}]}]"
509,27,0,0,0,0,0,0,0,0,0,0,0,1,0.0,0.1,3.0,0.2,1,False,70,18,"[{'fixture': 173, 'stats': [{'identifier': 'minutes', 'points': 1, 'value': 27}]}]"
510,0,0,0,0,0,0,0,0,0,0,0,0,0,0.0,0.0,0.0,0.0,0,False,71,18,"[{'fixture': 172, 'stats': [{'identifier': 'minutes', 'points': 0, 'value': 0}]}]"
511,74,0,0,1,0,0,0,0,1,0,0,0,-2,0.0,2.3,8.0,1.0,1,False,90,18,"[{'fixture': 172, 'stats': [{'identifier': 'minutes', 'points': 2, 'value': 74}, {'identifier': 'yellow_cards', 'points': -1, 'value': 1}]}]"
512,90,0,0,1,0,0,0,0,0,0,0,0,-1,0.0,1.7,2.0,0.0,2,False,91,18,"[{'fixture': 172, 'stats': [{'identifier': 'minutes', 'points': 2, 'value': 90}]}]"
513,0,0,0,0,0,0,0,0,0,0,0,0,0,0.0,0.0,0.0,0.0,0,False,92,18,"[{'fixture': 172, 'stats': [{'identifier': 'minutes', 'points': 0, 'value': 0}]}]"
514,0,0,0,0,0,0,0,0,0,0,0,0,0,0.0,0.0,0.0,0.0,0,False,110,18,"[{'fixture': 178, 'stats': [{'identifier': 'minutes', 'points': 0, 'value': 0}]}]"
515,90,0,0,0,1,0,0,0,0,0,0,0,7,9.0,12.7,47.0,6.9,2,False,129,18,"[{'fixture': 176, 'stats': [{'identifier': 'minutes', 'points': 2, 'value': 90}]}]"
516,0,0,0,0,0,0,0,0,0,0,0,0,0,0.0,0.0,0.0,0.0,0,False,130,18,"[{'fixture': 176, 'stats': [{'identifier': 'minutes', 'points': 0, 'value': 0}]}]"
517,68,0,0,1,0,0,0,0,0,0,0,0,4,0.0,1.1,11.0,1.1,2,False,146,18,"[{'fixture': 174, 'stats': [{'identifier': 'minutes', 'points': 2, 'value': 68}]}]"
518,90,0,0,1,0,0,0,0,0,0,0,0,7,5.6,3.3,22.0,3.1,2,False,147,18,"[{'fixture': 174, 'stats': [{'identifier': 'minutes', 'points': 2, 'value': 90}]}]"
519,90,1,0,0,3,0,0,0,0,0,0,3,37,42.2,15.5,31.0,8.9,9,False,166,18,"[{'fixture': 175, 'stats': [{'identifier': 'minutes', 'points': 2, 'value': 90}, {'identifier': 'goals_scored', 'points': 4, 'value': 1}, {'identifier': 'bonus', 'points': 3, 'value': 3}]}]"
520,0,0,0,0,0,0,0,0,0,0,0,0,0,0.0,0.0,0.0,0.0,0,False,167,18,"[{'fixture': 175, 'stats': [{'identifier': 'minutes', 'points': 0, 'value': 0}]}]"
521,0,0,0,0,0,0,0,0,0,0,0,0,0,0.0,0.0,0.0,0.0,0,False,187,18,[]
522,0,0,0,0,0,0,0,0,0,0,0,0,0,0.0,0.0,0.0,0.0,0,False,188,18,[]
523,1,0,0,0,0,0,0,0,0,0,0,0,2,0.0,0.0,2.0,0.2,1,False,210,18,"[{'fixture': 175, 'stats': [{'identifier': 'minutes', 'points': 1, 'value': 1}]}]"
524,90,1,0,0,1,0,0,0,0,0,0,0,21,44.0,2.1,102.0,14.8,6,False,211,18,"[{'fixture': 175, 'stats': [{'identifier': 'minutes', 'points': 2, 'value': 90}, {'identifier': 'goals_scored', 'points': 4, 'value': 1}]}]"
525,0,0,0,0,0,0,0,0,0,0,0,0,0,0.0,0.0,0.0,0.0,0,False,232,18,"[{'fixture': 179, 'stats': [{'identifier': 'minutes', 'points': 0, 'value': 0}]}]"
526,90,0,0,0,2,0,0,0,0,0,0,0,5,15.2,39.0,32.0,8.6,2,False,233,18,"[{'fixture': 179, 'stats': [{'identifier': 'minutes', 'points': 2, 'value': 90}]}]"
527,32,0,0,0,0,0,0,0,0,0,0,0,3,0.2,1.6,8.0,1.0,1,False,234,18,"[{'fixture': 179, 'stats': [{'identifier': 'minutes', 'points': 1, 'value': 32}]}]"
528,0,0,0,0,0,0,0,0,0,0,0,0,0,0.0,0.0,0.0,0.0,0,False,260,18,"[{'fixture': 176, 'stats': [{'identifier': 'minutes', 'points': 0, 'value': 0}]}]"
529,0,0,0,0,0,0,0,0,0,0,0,0,0,0.0,0.0,0.0,0.0,0,False,261,18,"[{'fixture': 176, 'stats': [{'identifier': 'minutes', 'points': 0, 'value': 0}]}]"
530,90,0,0,0,2,0,0,0,0,0,0,0,-2,13.2,3.5,66.0,8.3,2,False,278,18,"[{'fixture': 177, 'stats': [{'identifier': 'minutes', 'points': 2, 'value': 90}]}]"
531,4,0,0,0,0,0,0,0,0,0,0,0,2,0.0,2.3,0.0,0.2,1,False,279,18,"[{'fixture': 177, 'stats': [{'identifier': 'minutes', 'points': 1, 'value': 4}]}]"
532,0,0,0,0,0,0,0,0,0,0,0,0,0,0.0,0.0,0.0,0.0,0,False,298,18,"[{'fixture': 173, 'stats': [{'identifier': 'minutes', 'points': 0, 'value': 0}]}]"
533,90,0,0,1,0,0,0,0,1,0,0,0,2,3.8,2.7,16.0,2.3,1,False,303,18,"[{'fixture': 173, 'stats': [{'identifier': 'minutes', 'points': 2, 'value': 90}, {'identifier': 'yellow_cards', 'points': -1, 'value': 1}]}]"
534,0,0,0,0,0,0,0,0,0,0,0,0,0,0.0,0.0,0.0,0.0,0,False,312,18,"[{'fixture': 171, 'stats': [{'identifier': 'minutes', 'points': 0, 'value': 0}]}]"
535,86,2,0,0,1,0,0,0,0,0,0,3,54,75.8,17.0,67.0,16.0,13,True,313,18,"[{'fixture': 171, 'stats': [{'identifier': 'minutes', 'points': 2, 'value': 86}, {'identifier': 'goals_scored', 'points': 8, 'value': 2}, {'identifier': 'bonus', 'points': 3, 'value': 3}]}]"
536,8,0,0,0,0,0,0,0,0,0,0,0,3,0.0,0.0,0.0,0.0,1,False,314,18,"[{'fixture': 171, 'stats': [{'identifier': 'minutes', 'points': 1, 'value': 8}]}]"
537,81,0,1,0,1,0,0,0,0,0,0,0,10,3.8,11.0,64.0,7.9,5,False,315,18,"[{'fixture': 171, 'stats': [{'identifier': 'minutes', 'points': 2, 'value': 81}, {'identifier': 'assists', 'points': 3, 'value': 1}]}]"
538,0,0,0,0,0,0,0,0,0,0,0,0,0,0.0,0.0,0.0,0.0,0,False,316,18,"[{'fixture': 171, 'stats': [{'identifier': 'minutes', 'points': 0, 'value': 0}]}]"
539,90,0,0,0,2,0,0,0,0,0,0,0,8,9.4,16.5,29.0,5.5,2,False,338,18,"[{'fixture': 178, 'stats': [{'identifier': 'minutes', 'points': 2, 'value': 90}]}]"
540,0,0,0,0,0,0,0,0,0,0,0,0,0,0.0,0.0,0.0,0.0,0,False,339,18,"[{'fixture': 178, 'stats': [{'identifier': 'minutes', 'points': 0, 'value': 0}]}]"
541,90,1,0,1,0,0,0,0,0,0,0,0,24,32.8,4.9,77.0,11.5,6,False,362,18,"[{'fixture': 179, 'stats': [{'identifier': 'minutes', 'points': 2, 'value': 90}, {'identifier': 'goals_scored', 'points': 4, 'value': 1}]}]"
542,90,0,0,1,0,0,0,0,0,0,0,0,19,20.8,14.4,42.0,7.7,2,False,363,18,"[{'fixture': 179, 'stats': [{'identifier': 'minutes', 'points': 2, 'value': 90}]}]"
543,0,0,0,0,0,0,0,0,0,0,0,0,0,0.0,0.0,0.0,0.0,0,False,364,18,"[{'fixture': 179, 'stats': [{'identifier': 'minutes', 'points': 0, 'value': 0}]}]"
544,3,0,0,0,0,0,0,0,0,0,0,0,3,1.0,0.0,0.0,0.1,1,False,365,18,"[{'fixture': 179, 'stats': [{'identifier': 'minutes', 'points': 1, 'value': 3}]}]"
545,0,0,0,0,0,0,0,0,0,0,0,0,0,0.0,0.0,0.0,0.0,0,False,385,18,[]
546,0,0,0,0,0,0,0,0,0,0,0,0,0,0.0,0.0,0.0,0.0,0,False,386,18,[]
547,0,0,0,0,0,0,0,0,0,0,0,0,0,0.0,0.0,0.0,0.0,0,False,387,18,[]
548,90,1,0,0,1,0,0,0,0,0,0,1,30,38.6,26.2,66.0,13.1,7,False,409,18,"[{'fixture': 177, 'stats': [{'identifier': 'minutes', 'points': 2, 'value': 90}, {'identifier': 'goals_scored', 'points': 4, 'value': 1}, {'identifier': 'bonus', 'points': 1, 'value': 1}]}]"
549,76,0,0,0,1,0,0,0,0,0,0,0,8,3.2,5.7,18.0,2.7,2,False,410,18,"[{'fixture': 177, 'stats': [{'identifier': 'minutes', 'points': 2, 'value': 76}]}]"
550,90,0,0,0,3,0,0,0,0,0,0,0,1,0.0,3.7,52.0,5.3,2,False,428,18,"[{'fixture': 171, 'stats': [{'identifier': 'minutes', 'points': 2, 'value': 90}]}]"
551,0,0,0,0,0,0,0,0,0,0,0,0,0,0.0,0.0,0.0,0.0,0,False,434,18,"[{'fixture': 177, 'stats': [{'identifier': 'minutes', 'points': 0, 'value': 0}]}]"
552,3,0,0,0,0,0,0,0,0,0,0,0,1,0.0,0.0,0.0,0.0,1,False,437,18,"[{'fixture': 171, 'stats': [{'identifier': 'minutes', 'points': 1, 'value': 3}]}]"
553,15,1,0,0,0,0,0,0,0,0,0,3,32,35.0,0.0,17.0,5.2,8,False,451,18,"[{'fixture': 172, 'stats': [{'identifier': 'minutes', 'points': 1, 'value': 15}, {'identifier': 'goals_scored', 'points': 4, 'value': 1}, {'identifier': 'bonus', 'points': 3, 'value': 3}]}]"
554,0,0,0,0,0,0,0,0,0,0,0,0,0,0.0,0.0,0.0,0.0,0,False,457,18,[]
555,79,0,0,1,0,0,0,0,0,0,0,0,0,0.0,2.2,34.0,3.5,2,False,460,18,"[{'fixture': 178, 'stats': [{'identifier': 'minutes', 'points': 2, 'value': 79}]}]"
556,10,0,0,0,0,0,0,0,0,0,0,0,3,4.2,1.3,1.0,0.7,1,False,461,18,"[{'fixture': 178, 'stats': [{'identifier': 'minutes', 'points': 1, 'value': 10}]}]"
557,0,0,0,0,0,0,0,0,0,0,0,0,0,0.0,0.0,0.0,0.0,0,False,464,18,[]
558,76,0,0,1,0,0,0,0,0,0,0,0,6,11.8,4.3,18.0,3.4,2,False,466,18,"[{'fixture': 176, 'stats': [{'identifier': 'minutes', 'points': 2, 'value': 76}]}]"
559,90,0,0,0,1,0,0,0,0,0,0,0,13,21.6,46.8,22.0,9.0,2,False,468,18,"[{'fixture': 176, 'stats': [{'identifier': 'minutes', 'points': 2, 'value': 90}]}]"
560,1,0,0,0,0,0,0,0,0,0,0,0,3,3.0,1.5,4.0,0.9,1,False,487,18,"[{'fixture': 177, 'stats': [{'identifier': 'minutes', 'points': 1, 'value': 1}]}]"
561,10,0,0,0,0,0,0,0,0,0,0,0,1,0.0,0.1,0.0,0.0,1,False,496,18,"[{'fixture': 174, 'stats': [{'identifier': 'minutes', 'points': 1, 'value': 10}]}]"
562,62,1,0,1,0,0,0,0,0,0,0,2,33,34.8,3.1,17.0,5.5,8,False,501,18,"[{'fixture': 173, 'stats': [{'identifier': 'minutes', 'points': 2, 'value': 62}, {'identifier': 'goals_scored', 'points': 4, 'value': 1}, {'identifier': 'bonus', 'points': 2, 'value': 2}]}]"
563,90,0,0,0,1,0,0,0,0,0,0,0,5,0.2,1.6,14.0,1.6,2,False,502,18,"[{'fixture': 173, 'stats': [{'identifier': 'minutes', 'points': 2, 'value': 90}]}]"
564,90,0,0,1,0,0,0,0,0,0,0,0,4,4.0,2.1,5.0,1.1,2,False,504,18,"[{'fixture': 174, 'stats': [{'identifier': 'minutes', 'points': 2, 'value': 90}]}]"
565,0,0,0,0,0,0,0,0,0,0,0,0,0,0.0,0.0,0.0,0.0,0,False,509,18,"[{'fixture': 178, 'stats': [{'identifier': 'minutes', 'points': 0, 'value': 0}]}]"
566,0,0,0,0,0,0,0,0,0,0,0,0,0,0.0,0.0,0.0,0.0,0,False,512,18,"[{'fixture': 179, 'stats': [{'identifier': 'minutes', 'points': 0, 'value': 0}]}]"
567,0,0,0,0,0,0,0,0,0,0,0,0,0,0.0,0.0,0.0,0.0,0,False,514,18,[]
568,90,0,0,1,0,0,0,0,0,0,0,0,2,5.0,13.5,28.0,4.7,2,False,520,18,"[{'fixture': 176, 'stats': [{'identifier': 'minutes', 'points': 2, 'value': 90}]}]"
569,45,0,0,0,0,0,0,0,0,0,0,0,-1,2.2,1.0,21.0,2.4,1,False,534,18,"[{'fixture': 173, 'stats': [{'identifier': 'minutes', 'points': 1, 'value': 45}]}]"
570,0,0,0,0,0,0,0,0,0,0,0,0,0,0.0,0.0,0.0,0.0,0,False,535,18,"[{'fixture': 171, 'stats': [{'identifier': 'minutes', 'points': 0, 'value': 0}]}]"
571,0,0,0,0,0,0,0,0,0,0,0,0,0,0.0,0.0,0.0,0.0,0,False,538,18,"[{'fixture': 177, 'stats': [{'identifier': 'minutes', 'points': 0, 'value': 0}]}]"
572,0,0,0,0,0,0,0,0,0,0,0,0,0,0.0,0.0,0.0,0.0,0,False,547,18,"[{'fixture': 173, 'stats': [{'identifier': 'minutes', 'points': 0, 'value': 0}]}]"
573,13,0,0,0,0,0,0,0,0,0,0,0,3,0.0,0.0,0.0,0.0,1,False,554,18,"[{'fixture': 176, 'stats': [{'identifier': 'minutes', 'points': 1, 'value': 13}]}]"
574,0,0,0,0,0,0,0,0,0,0,0,0,0,0.0,0.0,0.0,0.0,0,False,559,18,"[{'fixture': 177, 'stats': [{'identifier': 'minutes', 'points': 0, 'value': 0}]}]"
575,0,0,0,0,0,0,0,0,0,0,0,0,0,0.0,0.0,0.0,0.0,0,False,561,18,"[{'fixture': 174, 'stats': [{'identifier': 'minutes', 'points': 0, 'value': 0}]}]"
576,0,0,0,0,0,0,0,0,0,0,0,0,0,0.0,0.0,0.0,0.0,0,False,570,18,"[{'fixture': 174, 'stats': [{'identifier': 'minutes', 'points': 0, 'value': 0}]}]"
577,0,0,0,0,0,0,0,0,0,0,0,0,0,0.0,0.0,0.0,0.0,0,False,581,18,"[{'fixture': 176, 'stats': [{'identifier': 'minutes', 'points': 0, 'value': 0}]}]"
