,a,datetime,forecast,goals,h,id,isResult,xG
0,"{'id': '79', 'title': 'Norwich', 'short_title': 'NOR'}",2019-08-09 20:00:00,"{'w': '0.7377', 'd': '0.1732', 'l': '0.0891'}","{'h': '4', 'a': '1'}","{'id': '87', 'title': 'Liverpool', 'short_title': 'LIV'}",11643,True,"{'h': '2.23456', 'a': '0.842407'}"
1,"{'id': '88', 'title': 'Manchester City', 'short_title': 'MCI'}",2019-08-10 12:30:00,"{'w': '0.0452', 'd': '0.1166', 'l': '0.8382'}","{'h': '0', 'a': '5'}","{'id': '81', 'title': 'West Ham', 'short_title': 'WHU'}",11644,True,"{'h': '1.2003', 'a': '3.18377'}"
2,"{'id': '238', 'title': 'Sheffield United', 'short_title': 'SHE'}",2019-08-10 15:00:00,"{'w': '0.2083', 'd': '0.3923', 'l': '0.3994'}","{'h': '1', 'a': '1'}","{'id': '73', 'title': 'Bournemouth', 'short_title': 'BOU'}",11645,True,"{'h': '1.34099', 'a': '1.59864'}"
3,"{'id': '74', 'title': 'Southampton', 'short_title': 'SOU'}",2019-08-10 15:00:00,"{'w': '0.266', 'd': '0.3442', 'l': '0.3898'}","{'h': '3', 'a': '0'}","{'id': '92', 'title': 'Burnley', 'short_title': 'BUR'}",11646,True,"{'h': '0.909241', 'a': '1.08752'}"
4,"{'id': '72', 'title': 'Everton', 'short_title': 'EVE'}",2019-08-10 15:00:00,"{'w': '0.2427', 'd': '0.3231', 'l': '0.4342'}","{'h': '0', 'a': '0'}","{'id': '78', 'title': 'Crystal Palace', 'short_title': 'CRY'}",11647,True,"{'h': '0.87159', 'a': '1.2246'}"
5,"{'id': '220', 'title': 'Brighton', 'short_title': 'BRI'}",2019-08-10 15:00:00,"{'w': '0.2434', 'd': '0.362', 'l': '0.3946'}","{'h': '0', 'a': '3'}","{'id': '90', 'title': 'Watford', 'short_title': 'WAT'}",11648,True,"{'h': '0.670022', 'a': '0.855516'}"
6,"{'id': '71', 'title': 'Aston Villa', 'short_title': 'AVL'}",2019-08-10 17:30:00,"{'w': '0.822', 'd': '0.1273', 'l': '0.0507'}","{'h': '3', 'a': '1'}","{'id': '82', 'title': 'Tottenham', 'short_title': 'TOT'}",11649,True,"{'h': '2.57262', 'a': '0.639599'}"
7,"{'id': '83', 'title': 'Arsenal', 'short_title': 'ARS'}",2019-08-11 14:00:00,"{'w': '0.1052', 'd': '0.3057', 'l': '0.5891'}","{'h': '0', 'a': '1'}","{'id': '86', 'title': 'Newcastle United', 'short_title': 'NEW'}",11650,True,"{'h': '0.380551', 'a': '1.13309'}"
8,"{'id': '229', 'title': 'Wolverhampton Wanderers', 'short_title': 'WOL'}",2019-08-11 14:00:00,"{'w': '0.2174', 'd': '0.3819', 'l': '0.4007'}","{'h': '0', 'a': '0'}","{'id': '75', 'title': 'Leicester', 'short_title': 'LEI'}",11651,True,"{'h': '0.543759', 'a': '0.812949'}"
9,"{'id': '80', 'title': 'Chelsea', 'short_title': 'CHE'}",2019-08-11 16:30:00,"{'w': '0.7148', 'd': '0.1782', 'l': '0.107'}","{'h': '4', 'a': '0'}","{'id': '89', 'title': 'Manchester United', 'short_title': 'MUN'}",11652,True,"{'h': '2.37442', 'a': '1.09534'}"
10,"{'id': '92', 'title': 'Burnley', 'short_title': 'BUR'}",2019-08-17 12:30:00,"{'w': '0.2899', 'd': '0.2836', 'l': '0.4265'}","{'h': '2', 'a': '1'}","{'id': '83', 'title': 'Arsenal', 'short_title': 'ARS'}",11653,True,"{'h': '1.1644', 'a': '1.39172'}"
11,"{'id': '73', 'title': 'Bournemouth', 'short_title': 'BOU'}",2019-08-17 15:00:00,"{'w': '0.3658', 'd': '0.2724', 'l': '0.3618'}","{'h': '1', 'a': '2'}","{'id': '71', 'title': 'Aston Villa', 'short_title': 'AVL'}",11654,True,"{'h': '1.65069', 'a': '1.62777'}"
12,"{'id': '81', 'title': 'West Ham', 'short_title': 'WHU'}",2019-08-17 15:00:00,"{'w': '0.7183', 'd': '0.179', 'l': '0.1027'}","{'h': '1', 'a': '1'}","{'id': '220', 'title': 'Brighton', 'short_title': 'BRI'}",11655,True,"{'h': '2.40461', 'a': '1.00856'}"
13,"{'id': '90', 'title': 'Watford', 'short_title': 'WAT'}",2019-08-17 15:00:00,"{'w': '0.231', 'd': '0.322', 'l': '0.447'}","{'h': '1', 'a': '0'}","{'id': '72', 'title': 'Everton', 'short_title': 'EVE'}",11656,True,"{'h': '0.832913', 'a': '1.17279'}"
14,"{'id': '86', 'title': 'Newcastle United', 'short_title': 'NEW'}",2019-08-17 15:00:00,"{'w': '0.68', 'd': '0.1975', 'l': '0.1225'}","{'h': '3', 'a': '1'}","{'id': '79', 'title': 'Norwich', 'short_title': 'NOR'}",11657,True,"{'h': '2.09572', 'a': '0.920429'}"
15,"{'id': '87', 'title': 'Liverpool', 'short_title': 'LIV'}",2019-08-17 15:00:00,"{'w': '0.5327', 'd': '0.2278', 'l': '0.2395'}","{'h': '1', 'a': '2'}","{'id': '74', 'title': 'Southampton', 'short_title': 'SOU'}",11658,True,"{'h': '2.14047', 'a': '1.52022'}"
16,"{'id': '82', 'title': 'Tottenham', 'short_title': 'TOT'}",2019-08-17 17:30:00,"{'w': '0.9674', 'd': '0.0301', 'l': '0.0025'}","{'h': '2', 'a': '2'}","{'id': '88', 'title': 'Manchester City', 'short_title': 'MCI'}",11659,True,"{'h': '3.20076', 'a': '0.074542'}"
17,"{'id': '78', 'title': 'Crystal Palace', 'short_title': 'CRY'}",2019-08-18 14:00:00,"{'w': '0.8326', 'd': '0.1408', 'l': '0.0266'}","{'h': '1', 'a': '0'}","{'id': '238', 'title': 'Sheffield United', 'short_title': 'SHE'}",11660,True,"{'h': '1.84778', 'a': '0.241912'}"
18,"{'id': '75', 'title': 'Leicester', 'short_title': 'LEI'}",2019-08-18 16:30:00,"{'w': '0.4391', 'd': '0.3008', 'l': '0.2601'}","{'h': '1', 'a': '1'}","{'id': '80', 'title': 'Chelsea', 'short_title': 'CHE'}",11661,True,"{'h': '1.22629', 'a': '0.947941'}"
19,"{'id': '89', 'title': 'Manchester United', 'short_title': 'MUN'}",2019-08-19 20:00:00,"{'w': '0.0594', 'd': '0.2597', 'l': '0.6809'}","{'h': '1', 'a': '1'}","{'id': '229', 'title': 'Wolverhampton Wanderers', 'short_title': 'WOL'}",11662,True,"{'h': '0.307356', 'a': '1.14332'}"
20,"{'id': '72', 'title': 'Everton', 'short_title': 'EVE'}",2019-08-23 20:00:00,"{'w': '0.2213', 'd': '0.3058', 'l': '0.4729'}","{'h': '2', 'a': '0'}","{'id': '71', 'title': 'Aston Villa', 'short_title': 'AVL'}",11663,True,"{'h': '0.855926', 'a': '1.25668'}"
21,"{'id': '80', 'title': 'Chelsea', 'short_title': 'CHE'}",2019-08-24 12:30:00,"{'w': '0.1759', 'd': '0.2595', 'l': '0.5646'}","{'h': '2', 'a': '3'}","{'id': '79', 'title': 'Norwich', 'short_title': 'NOR'}",11664,True,"{'h': '1.07904', 'a': '1.89428'}"
22,"{'id': '75', 'title': 'Leicester', 'short_title': 'LEI'}",2019-08-24 15:00:00,"{'w': '0.2916', 'd': '0.4017', 'l': '0.3067'}","{'h': '1', 'a': '2'}","{'id': '238', 'title': 'Sheffield United', 'short_title': 'SHE'}",11665,True,"{'h': '0.654318', 'a': '0.704879'}"
23,"{'id': '74', 'title': 'Southampton', 'short_title': 'SOU'}",2019-08-24 15:00:00,"{'w': '0.1192', 'd': '0.2115', 'l': '0.6693'}","{'h': '0', 'a': '2'}","{'id': '220', 'title': 'Brighton', 'short_title': 'BRI'}",11666,True,"{'h': '0.997711', 'a': '2.07795'}"
24,"{'id': '81', 'title': 'West Ham', 'short_title': 'WHU'}",2019-08-24 15:00:00,"{'w': '0.1537', 'd': '0.1778', 'l': '0.6685'}","{'h': '1', 'a': '3'}","{'id': '90', 'title': 'Watford', 'short_title': 'WAT'}",11667,True,"{'h': '2.29348', 'a': '3.45768'}"
25,"{'id': '78', 'title': 'Crystal Palace', 'short_title': 'CRY'}",2019-08-24 15:00:00,"{'w': '0.7755', 'd': '0.1616', 'l': '0.0629'}","{'h': '1', 'a': '2'}","{'id': '89', 'title': 'Manchester United', 'short_title': 'MUN'}",11669,True,"{'h': '2.23561', 'a': '0.676993'}"
26,"{'id': '83', 'title': 'Arsenal', 'short_title': 'ARS'}",2019-08-24 17:30:00,"{'w': '0.7948', 'd': '0.1361', 'l': '0.0691'}","{'h': '3', 'a': '1'}","{'id': '87', 'title': 'Liverpool', 'short_title': 'LIV'}",11670,True,"{'h': '2.78821', 'a': '0.985542'}"
27,"{'id': '88', 'title': 'Manchester City', 'short_title': 'MCI'}",2019-08-25 14:00:00,"{'w': '0.1625', 'd': '0.1736', 'l': '0.6639'}","{'h': '1', 'a': '3'}","{'id': '73', 'title': 'Bournemouth', 'short_title': 'BOU'}",11671,True,"{'h': '1.89345', 'a': '3.12856'}"
28,"{'id': '92', 'title': 'Burnley', 'short_title': 'BUR'}",2019-08-25 16:30:00,"{'w': '0.3879', 'd': '0.307', 'l': '0.3051'}","{'h': '1', 'a': '1'}","{'id': '229', 'title': 'Wolverhampton Wanderers', 'short_title': 'WOL'}",11668,True,"{'h': '1.32793', 'a': '1.22762'}"
29,"{'id': '86', 'title': 'Newcastle United', 'short_title': 'NEW'}",2019-08-25 16:30:00,"{'w': '0.5898', 'd': '0.2775', 'l': '0.1327'}","{'h': '0', 'a': '1'}","{'id': '82', 'title': 'Tottenham', 'short_title': 'TOT'}",11672,True,"{'h': '1.25927', 'a': '0.51428'}"
30,"{'id': '89', 'title': 'Manchester United', 'short_title': 'MUN'}",2019-08-31 12:30:00,"{'w': '0.1186', 'd': '0.2211', 'l': '0.6603'}","{'h': '1', 'a': '1'}","{'id': '74', 'title': 'Southampton', 'short_title': 'SOU'}",11673,True,"{'h': '0.769616', 'a': '1.90356'}"
31,"{'id': '79', 'title': 'Norwich', 'short_title': 'NOR'}",2019-08-31 15:00:00,"{'w': '0.6298', 'd': '0.2265', 'l': '0.1437'}","{'h': '2', 'a': '0'}","{'id': '81', 'title': 'West Ham', 'short_title': 'WHU'}",11674,True,"{'h': '2.20657', 'a': '1.1674'}"
32,"{'id': '238', 'title': 'Sheffield United', 'short_title': 'SHE'}",2019-08-31 15:00:00,"{'w': '0.6944', 'd': '0.1949', 'l': '0.1107'}","{'h': '2', 'a': '2'}","{'id': '80', 'title': 'Chelsea', 'short_title': 'CHE'}",11675,True,"{'h': '2.30579', 'a': '1.04649'}"
33,"{'id': '71', 'title': 'Aston Villa', 'short_title': 'AVL'}",2019-08-31 15:00:00,"{'w': '0.6771', 'd': '0.2444', 'l': '0.0785'}","{'h': '1', 'a': '0'}","{'id': '78', 'title': 'Crystal Palace', 'short_title': 'CRY'}",11676,True,"{'h': '1.41394', 'a': '0.30354'}"
34,"{'id': '73', 'title': 'Bournemouth', 'short_title': 'BOU'}",2019-08-31 15:00:00,"{'w': '0.8226', 'd': '0.1353', 'l': '0.0421'}","{'h': '3', 'a': '1'}","{'id': '75', 'title': 'Leicester', 'short_title': 'LEI'}",11677,True,"{'h': '2.23766', 'a': '0.554726'}"
35,"{'id': '220', 'title': 'Brighton', 'short_title': 'BRI'}",2019-08-31 15:00:00,"{'w': '0.7359', 'd': '0.1772', 'l': '0.0869'}","{'h': '4', 'a': '0'}","{'id': '88', 'title': 'Manchester City', 'short_title': 'MCI'}",11678,True,"{'h': '2.30818', 'a': '0.861035'}"
36,"{'id': '90', 'title': 'Watford', 'short_title': 'WAT'}",2019-08-31 15:00:00,"{'w': '0.3299', 'd': '0.3121', 'l': '0.358'}","{'h': '1', 'a': '1'}","{'id': '86', 'title': 'Newcastle United', 'short_title': 'NEW'}",11679,True,"{'h': '1.04131', 'a': '1.1068'}"
37,"{'id': '87', 'title': 'Liverpool', 'short_title': 'LIV'}",2019-08-31 17:30:00,"{'w': '0.1772', 'd': '0.3171', 'l': '0.5057'}","{'h': '0', 'a': '3'}","{'id': '92', 'title': 'Burnley', 'short_title': 'BUR'}",11680,True,"{'h': '0.61739', 'a': '1.20057'}"
38,"{'id': '229', 'title': 'Wolverhampton Wanderers', 'short_title': 'WOL'}",2019-09-01 14:00:00,"{'w': '0.2455', 'd': '0.2459', 'l': '0.5086'}","{'h': '3', 'a': '2'}","{'id': '72', 'title': 'Everton', 'short_title': 'EVE'}",11681,True,"{'h': '1.48842', 'a': '2.00172'}"
39,"{'id': '82', 'title': 'Tottenham', 'short_title': 'TOT'}",2019-09-01 16:30:00,"{'w': '0.3461', 'd': '0.2536', 'l': '0.4003'}","{'h': '2', 'a': '2'}","{'id': '83', 'title': 'Arsenal', 'short_title': 'ARS'}",11682,True,"{'h': '1.92509', 'a': '1.95514'}"
40,"{'id': '86', 'title': 'Newcastle United', 'short_title': 'NEW'}",2019-09-14 11:30:00,"{'w': '0.9452', 'd': '0.0464', 'l': '0.0084'}","{'h': '3', 'a': '1'}","{'id': '87', 'title': 'Liverpool', 'short_title': 'LIV'}",11683,True,"{'h': '2.93281', 'a': '0.291073'}"
41,"{'id': '75', 'title': 'Leicester', 'short_title': 'LEI'}",2019-09-14 14:00:00,"{'w': '0.5865', 'd': '0.3062', 'l': '0.1073'}","{'h': '1', 'a': '0'}","{'id': '89', 'title': 'Manchester United', 'short_title': 'MUN'}",11684,True,"{'h': '1.10019', 'a': '0.459141'}"
42,"{'id': '92', 'title': 'Burnley', 'short_title': 'BUR'}",2019-09-14 14:00:00,"{'w': '0.7641', 'd': '0.1893', 'l': '0.0466'}","{'h': '1', 'a': '1'}","{'id': '220', 'title': 'Brighton', 'short_title': 'BRI'}",11685,True,"{'h': '1.68545', 'a': '0.341654'}"
43,"{'id': '74', 'title': 'Southampton', 'short_title': 'SOU'}",2019-09-14 14:00:00,"{'w': '0.4428', 'd': '0.2527', 'l': '0.3045'}","{'h': '0', 'a': '1'}","{'id': '238', 'title': 'Sheffield United', 'short_title': 'SHE'}",11686,True,"{'h': '1.88034', 'a': '1.57659'}"
44,"{'id': '78', 'title': 'Crystal Palace', 'short_title': 'CRY'}",2019-09-14 14:00:00,"{'w': '0.4879', 'd': '0.3328', 'l': '0.1793'}","{'h': '4', 'a': '0'}","{'id': '82', 'title': 'Tottenham', 'short_title': 'TOT'}",11687,True,"{'h': '1.04944', 'a': '0.577323'}"
45,"{'id': '80', 'title': 'Chelsea', 'short_title': 'CHE'}",2019-09-14 14:00:00,"{'w': '0.0809', 'd': '0.1625', 'l': '0.7566'}","{'h': '2', 'a': '5'}","{'id': '229', 'title': 'Wolverhampton Wanderers', 'short_title': 'WOL'}",11688,True,"{'h': '1.49359', 'a': '3.06799'}"
46,"{'id': '88', 'title': 'Manchester City', 'short_title': 'MCI'}",2019-09-14 16:30:00,"{'w': '0.2487', 'd': '0.2462', 'l': '0.5051'}","{'h': '3', 'a': '2'}","{'id': '79', 'title': 'Norwich', 'short_title': 'NOR'}",11689,True,"{'h': '1.7413', 'a': '2.34436'}"
47,"{'id': '72', 'title': 'Everton', 'short_title': 'EVE'}",2019-09-15 13:00:00,"{'w': '0.3385', 'd': '0.2793', 'l': '0.3822'}","{'h': '3', 'a': '1'}","{'id': '73', 'title': 'Bournemouth', 'short_title': 'BOU'}",11690,True,"{'h': '1.41542', 'a': '1.50641'}"
48,"{'id': '83', 'title': 'Arsenal', 'short_title': 'ARS'}",2019-09-15 15:30:00,"{'w': '0.8062', 'd': '0.1365', 'l': '0.0573'}","{'h': '2', 'a': '2'}","{'id': '90', 'title': 'Watford', 'short_title': 'WAT'}",11691,True,"{'h': '2.83209', 'a': '1.00616'}"
49,"{'id': '81', 'title': 'West Ham', 'short_title': 'WHU'}",2019-09-16 19:00:00,"{'w': '0.6373', 'd': '0.2496', 'l': '0.1131'}","{'h': '0', 'a': '0'}","{'id': '71', 'title': 'Aston Villa', 'short_title': 'AVL'}",11692,True,"{'h': '1.40502', 'a': '0.535279'}"
50,"{'id': '73', 'title': 'Bournemouth', 'short_title': 'BOU'}",2019-09-20 19:00:00,"{'w': '0.5961', 'd': '0.2395', 'l': '0.1644'}","{'h': '1', 'a': '3'}","{'id': '74', 'title': 'Southampton', 'short_title': 'SOU'}",11693,True,"{'h': '2.18021', 'a': '1.29773'}"
51,"{'id': '82', 'title': 'Tottenham', 'short_title': 'TOT'}",2019-09-21 11:30:00,"{'w': '0.3433', 'd': '0.2798', 'l': '0.3769'}","{'h': '2', 'a': '1'}","{'id': '75', 'title': 'Leicester', 'short_title': 'LEI'}",11694,True,"{'h': '1.28752', 'a': '1.33735'}"
52,"{'id': '90', 'title': 'Watford', 'short_title': 'WAT'}",2019-09-21 14:00:00,"{'w': '0.9996', 'd': '0.0004', 'l': '0'}","{'h': '8', 'a': '0'}","{'id': '88', 'title': 'Manchester City', 'short_title': 'MCI'}",11695,True,"{'h': '6.63049', 'a': '0.344718'}"
53,"{'id': '79', 'title': 'Norwich', 'short_title': 'NOR'}",2019-09-21 14:00:00,"{'w': '0.7897', 'd': '0.1472', 'l': '0.0631'}","{'h': '2', 'a': '0'}","{'id': '92', 'title': 'Burnley', 'short_title': 'BUR'}",11696,True,"{'h': '2.39312', 'a': '0.801428'}"
54,"{'id': '238', 'title': 'Sheffield United', 'short_title': 'SHE'}",2019-09-21 14:00:00,"{'w': '0.5598', 'd': '0.3092', 'l': '0.131'}","{'h': '0', 'a': '2'}","{'id': '72', 'title': 'Everton', 'short_title': 'EVE'}",11698,True,"{'h': '1.26041', 'a': '0.508011'}"
55,"{'id': '220', 'title': 'Brighton', 'short_title': 'BRI'}",2019-09-21 16:30:00,"{'w': '0.3232', 'd': '0.3006', 'l': '0.3762'}","{'h': '0', 'a': '0'}","{'id': '86', 'title': 'Newcastle United', 'short_title': 'NEW'}",11699,True,"{'h': '1.09807', 'a': '1.21592'}"
56,"{'id': '229', 'title': 'Wolverhampton Wanderers', 'short_title': 'WOL'}",2019-09-22 13:00:00,"{'w': '0.1739', 'd': '0.2419', 'l': '0.5842'}","{'h': '1', 'a': '1'}","{'id': '78', 'title': 'Crystal Palace', 'short_title': 'CRY'}",11697,True,"{'h': '0.984777', 'a': '1.75572'}"
57,"{'id': '89', 'title': 'Manchester United', 'short_title': 'MUN'}",2019-09-22 13:00:00,"{'w': '0.1197', 'd': '0.2714', 'l': '0.6089'}","{'h': '2', 'a': '0'}","{'id': '81', 'title': 'West Ham', 'short_title': 'WHU'}",11700,True,"{'h': '0.51376', 'a': '1.27826'}"
58,"{'id': '87', 'title': 'Liverpool', 'short_title': 'LIV'}",2019-09-22 15:30:00,"{'w': '0.4027', 'd': '0.311', 'l': '0.2863'}","{'h': '1', 'a': '2'}","{'id': '80', 'title': 'Chelsea', 'short_title': 'CHE'}",11701,True,"{'h': '1.23321', 'a': '1.03003'}"
59,"{'id': '71', 'title': 'Aston Villa', 'short_title': 'AVL'}",2019-09-22 15:30:00,"{'w': '0.5722', 'd': '0.2195', 'l': '0.2083'}","{'h': '3', 'a': '2'}","{'id': '83', 'title': 'Arsenal', 'short_title': 'ARS'}",11702,True,"{'h': '2.53209', 'a': '1.71546'}"
60,"{'id': '87', 'title': 'Liverpool', 'short_title': 'LIV'}",2019-09-28 11:30:00,"{'w': '0.18', 'd': '0.2402', 'l': '0.5798'}","{'h': '0', 'a': '1'}","{'id': '238', 'title': 'Sheffield United', 'short_title': 'SHE'}",11703,True,"{'h': '1.17022', 'a': '1.97079'}"
61,"{'id': '74', 'title': 'Southampton', 'short_title': 'SOU'}",2019-09-28 14:00:00,"{'w': '0.3564', 'd': '0.3113', 'l': '0.3323'}","{'h': '2', 'a': '1'}","{'id': '82', 'title': 'Tottenham', 'short_title': 'TOT'}",11704,True,"{'h': '1.19008', 'a': '1.16256'}"
62,"{'id': '90', 'title': 'Watford', 'short_title': 'WAT'}",2019-09-28 14:00:00,"{'w': '0.3492', 'd': '0.3828', 'l': '0.268'}","{'h': '2', 'a': '0'}","{'id': '229', 'title': 'Wolverhampton Wanderers', 'short_title': 'WOL'}",11705,True,"{'h': '1.16363', 'a': '1.06615'}"
63,"{'id': '92', 'title': 'Burnley', 'short_title': 'BUR'}",2019-09-28 14:00:00,"{'w': '0.1745', 'd': '0.2428', 'l': '0.5827'}","{'h': '2', 'a': '2'}","{'id': '71', 'title': 'Aston Villa', 'short_title': 'AVL'}",11706,True,"{'h': '0.914266', 'a': '1.66919'}"
64,"{'id': '81', 'title': 'West Ham', 'short_title': 'WHU'}",2019-09-28 14:00:00,"{'w': '0.6247', 'd': '0.2012', 'l': '0.1741'}","{'h': '2', 'a': '2'}","{'id': '73', 'title': 'Bournemouth', 'short_title': 'BOU'}",11707,True,"{'h': '2.31957', 'a': '1.29546'}"
65,"{'id': '220', 'title': 'Brighton', 'short_title': 'BRI'}",2019-09-28 14:00:00,"{'w': '0.9712', 'd': '0.0225', 'l': '0.0063'}","{'h': '2', 'a': '0'}","{'id': '80', 'title': 'Chelsea', 'short_title': 'CHE'}",11708,True,"{'h': '4.26443', 'a': '0.616263'}"
66,"{'id': '79', 'title': 'Norwich', 'short_title': 'NOR'}",2019-09-28 14:00:00,"{'w': '0.6775', 'd': '0.2208', 'l': '0.1017'}","{'h': '2', 'a': '0'}","{'id': '78', 'title': 'Crystal Palace', 'short_title': 'CRY'}",11709,True,"{'h': '1.80497', 'a': '0.712129'}"
67,"{'id': '88', 'title': 'Manchester City', 'short_title': 'MCI'}",2019-09-28 16:30:00,"{'w': '0.2424', 'd': '0.2121', 'l': '0.5455'}","{'h': '1', 'a': '3'}","{'id': '72', 'title': 'Everton', 'short_title': 'EVE'}",11711,True,"{'h': '2.35854', 'a': '3.1082'}"
68,"{'id': '86', 'title': 'Newcastle United', 'short_title': 'NEW'}",2019-09-29 15:30:00,"{'w': '0.8912', 'd': '0.1032', 'l': '0.0056'}","{'h': '5', 'a': '0'}","{'id': '75', 'title': 'Leicester', 'short_title': 'LEI'}",11710,True,"{'h': '1.82438', 'a': '0.054134'}"
69,"{'id': '83', 'title': 'Arsenal', 'short_title': 'ARS'}",2019-09-30 19:00:00,"{'w': '0.2214', 'd': '0.2554', 'l': '0.5232'}","{'h': '1', 'a': '1'}","{'id': '89', 'title': 'Manchester United', 'short_title': 'MUN'}",11712,True,"{'h': '1.1335', 'a': '1.70399'}"
70,"{'id': '82', 'title': 'Tottenham', 'short_title': 'TOT'}",2019-10-05 12:30:00,"{'w': '0.9194', 'd': '0.067', 'l': '0.0136'}","{'h': '3', 'a': '0'}","{'id': '220', 'title': 'Brighton', 'short_title': 'BRI'}",11713,True,"{'h': '2.60017', 'a': '0.478504'}"
71,"{'id': '72', 'title': 'Everton', 'short_title': 'EVE'}",2019-10-05 15:00:00,"{'w': '0.1354', 'd': '0.2707', 'l': '0.5939'}","{'h': '1', 'a': '0'}","{'id': '92', 'title': 'Burnley', 'short_title': 'BUR'}",11714,True,"{'h': '0.558912', 'a': '1.30723'}"
72,"{'id': '75', 'title': 'Leicester', 'short_title': 'LEI'}",2019-10-05 15:00:00,"{'w': '0.9902', 'd': '0.009', 'l': '0.0008'}","{'h': '2', 'a': '1'}","{'id': '87', 'title': 'Liverpool', 'short_title': 'LIV'}",11715,True,"{'h': '3.74867', 'a': '0.0982107'}"
73,"{'id': '71', 'title': 'Aston Villa', 'short_title': 'AVL'}",2019-10-05 15:00:00,"{'w': '0.0918', 'd': '0.1263', 'l': '0.7819'}","{'h': '1', 'a': '5'}","{'id': '79', 'title': 'Norwich', 'short_title': 'NOR'}",11717,True,"{'h': '1.84838', 'a': '3.67827'}"
74,"{'id': '238', 'title': 'Sheffield United', 'short_title': 'SHE'}",2019-10-05 15:00:00,"{'w': '0.7252', 'd': '0.212', 'l': '0.0628'}","{'h': '0', 'a': '0'}","{'id': '90', 'title': 'Watford', 'short_title': 'WAT'}",11719,True,"{'h': '1.44318', 'a': '0.353724'}"
75,"{'id': '78', 'title': 'Crystal Palace', 'short_title': 'CRY'}",2019-10-05 17:30:00,"{'w': '0.1412', 'd': '0.2336', 'l': '0.6252'}","{'h': '1', 'a': '2'}","{'id': '81', 'title': 'West Ham', 'short_title': 'WHU'}",11720,True,"{'h': '1.23577', 'a': '2.0682'}"
76,"{'id': '229', 'title': 'Wolverhampton Wanderers', 'short_title': 'WOL'}",2019-10-06 14:00:00,"{'w': '0.4735', 'd': '0.2691', 'l': '0.2574'}","{'h': '0', 'a': '2'}","{'id': '88', 'title': 'Manchester City', 'short_title': 'MCI'}",11716,True,"{'h': '1.61884', 'a': '1.18825'}"
77,"{'id': '80', 'title': 'Chelsea', 'short_title': 'CHE'}",2019-10-06 14:00:00,"{'w': '0.1721', 'd': '0.2325', 'l': '0.5954'}","{'h': '1', 'a': '4'}","{'id': '74', 'title': 'Southampton', 'short_title': 'SOU'}",11718,True,"{'h': '1.27044', 'a': '2.15201'}"
78,"{'id': '73', 'title': 'Bournemouth', 'short_title': 'BOU'}",2019-10-06 14:00:00,"{'w': '0.5216', 'd': '0.3114', 'l': '0.167'}","{'h': '1', 'a': '0'}","{'id': '83', 'title': 'Arsenal', 'short_title': 'ARS'}",11722,True,"{'h': '1.24109', 'a': '0.683967'}"
79,"{'id': '89', 'title': 'Manchester United', 'short_title': 'MUN'}",2019-10-06 16:30:00,"{'w': '0.2281', 'd': '0.346', 'l': '0.4259'}","{'h': '1', 'a': '0'}","{'id': '86', 'title': 'Newcastle United', 'short_title': 'NEW'}",11721,True,"{'h': '0.650296', 'a': '0.969204'}"
80,"{'id': '81', 'title': 'West Ham', 'short_title': 'WHU'}",2019-10-19 12:30:00,"{'w': '0.8303', 'd': '0.1277', 'l': '0.042'}","{'h': '2', 'a': '0'}","{'id': '72', 'title': 'Everton', 'short_title': 'EVE'}",11727,True,"{'h': '2.23324', 'a': '0.459112'}"
81,"{'id': '220', 'title': 'Brighton', 'short_title': 'BRI'}",2019-10-19 15:00:00,"{'w': '0.7539', 'd': '0.1481', 'l': '0.098'}","{'h': '2', 'a': '1'}","{'id': '71', 'title': 'Aston Villa', 'short_title': 'AVL'}",11723,True,"{'h': '2.96692', 'a': '1.32184'}"
82,"{'id': '79', 'title': 'Norwich', 'short_title': 'NOR'}",2019-10-19 15:00:00,"{'w': '0.3837', 'd': '0.4302', 'l': '0.1861'}","{'h': '0', 'a': '0'}","{'id': '73', 'title': 'Bournemouth', 'short_title': 'BOU'}",11724,True,"{'h': '0.675554', 'a': '0.402873'}"
83,"{'id': '86', 'title': 'Newcastle United', 'short_title': 'NEW'}",2019-10-19 15:00:00,"{'w': '0.8936', 'd': '0.0932', 'l': '0.0132'}","{'h': '1', 'a': '0'}","{'id': '80', 'title': 'Chelsea', 'short_title': 'CHE'}",11725,True,"{'h': '2.30068', 'a': '0.197082'}"
84,"{'id': '92', 'title': 'Burnley', 'short_title': 'BUR'}",2019-10-19 15:00:00,"{'w': '0.1307', 'd': '0.2209', 'l': '0.6484'}","{'h': '2', 'a': '1'}","{'id': '75', 'title': 'Leicester', 'short_title': 'LEI'}",11728,True,"{'h': '0.8291', 'a': '1.79569'}"
85,"{'id': '90', 'title': 'Watford', 'short_title': 'WAT'}",2019-10-19 15:00:00,"{'w': '0.3498', 'd': '0.3494', 'l': '0.3008'}","{'h': '1', 'a': '1'}","{'id': '82', 'title': 'Tottenham', 'short_title': 'TOT'}",11731,True,"{'h': '0.891617', 'a': '0.846851'}"
86,"{'id': '74', 'title': 'Southampton', 'short_title': 'SOU'}",2019-10-19 15:00:00,"{'w': '0.2018', 'd': '0.3345', 'l': '0.4637'}","{'h': '1', 'a': '1'}","{'id': '229', 'title': 'Wolverhampton Wanderers', 'short_title': 'WOL'}",11732,True,"{'h': '0.887495', 'a': '1.37695'}"
87,"{'id': '88', 'title': 'Manchester City', 'short_title': 'MCI'}",2019-10-19 17:30:00,"{'w': '0.007', 'd': '0.0293', 'l': '0.9637'}","{'h': '0', 'a': '2'}","{'id': '78', 'title': 'Crystal Palace', 'short_title': 'CRY'}",11726,True,"{'h': '0.616864', 'a': '4.02104'}"
88,"{'id': '87', 'title': 'Liverpool', 'short_title': 'LIV'}",2019-10-20 16:30:00,"{'w': '0.2391', 'd': '0.3812', 'l': '0.3797'}","{'h': '1', 'a': '1'}","{'id': '89', 'title': 'Manchester United', 'short_title': 'MUN'}",11729,True,"{'h': '0.791862', 'a': '1.03212'}"
89,"{'id': '83', 'title': 'Arsenal', 'short_title': 'ARS'}",2019-10-21 20:00:00,"{'w': '0.2926', 'd': '0.3964', 'l': '0.311'}","{'h': '1', 'a': '0'}","{'id': '238', 'title': 'Sheffield United', 'short_title': 'SHE'}",11730,True,"{'h': '0.895722', 'a': '0.949735'}"
90,"{'id': '75', 'title': 'Leicester', 'short_title': 'LEI'}",2019-10-25 20:00:00,"{'w': '0.0032', 'd': '0.0132', 'l': '0.9836'}","{'h': '0', 'a': '9'}","{'id': '74', 'title': 'Southampton', 'short_title': 'SOU'}",11740,True,"{'h': '0.457334', 'a': '4.38046'}"
91,"{'id': '71', 'title': 'Aston Villa', 'short_title': 'AVL'}",2019-10-26 12:30:00,"{'w': '0.8517', 'd': '0.1', 'l': '0.0483'}","{'h': '3', 'a': '0'}","{'id': '88', 'title': 'Manchester City', 'short_title': 'MCI'}",11737,True,"{'h': '3.19004', 'a': '0.980145'}"
92,"{'id': '72', 'title': 'Everton', 'short_title': 'EVE'}",2019-10-26 15:00:00,"{'w': '0.3737', 'd': '0.3492', 'l': '0.2771'}","{'h': '3', 'a': '2'}","{'id': '220', 'title': 'Brighton', 'short_title': 'BRI'}",11734,True,"{'h': '1.15279', 'a': '1.04723'}"
93,"{'id': '73', 'title': 'Bournemouth', 'short_title': 'BOU'}",2019-10-26 15:00:00,"{'w': '0.2583', 'd': '0.3633', 'l': '0.3784'}","{'h': '0', 'a': '0'}","{'id': '90', 'title': 'Watford', 'short_title': 'WAT'}",11741,True,"{'h': '0.674903', 'a': '0.899526'}"
94,"{'id': '238', 'title': 'Sheffield United', 'short_title': 'SHE'}",2019-10-26 15:00:00,"{'w': '0.7017', 'd': '0.1979', 'l': '0.1004'}","{'h': '1', 'a': '1'}","{'id': '81', 'title': 'West Ham', 'short_title': 'WHU'}",11742,True,"{'h': '2.33891', 'a': '1.16171'}"
95,"{'id': '80', 'title': 'Chelsea', 'short_title': 'CHE'}",2019-10-26 17:30:00,"{'w': '0.7194', 'd': '0.1734', 'l': '0.1072'}","{'h': '2', 'a': '4'}","{'id': '92', 'title': 'Burnley', 'short_title': 'BUR'}",11735,True,"{'h': '2.23494', 'a': '0.988321'}"
96,"{'id': '229', 'title': 'Wolverhampton Wanderers', 'short_title': 'WOL'}",2019-10-27 14:00:00,"{'w': '0.0764', 'd': '0.1803', 'l': '0.7433'}","{'h': '1', 'a': '1'}","{'id': '86', 'title': 'Newcastle United', 'short_title': 'NEW'}",11738,True,"{'h': '0.603104', 'a': '1.93255'}"
97,"{'id': '78', 'title': 'Crystal Palace', 'short_title': 'CRY'}",2019-10-27 16:30:00,"{'w': '0.2675', 'd': '0.2977', 'l': '0.4348'}","{'h': '2', 'a': '2'}","{'id': '83', 'title': 'Arsenal', 'short_title': 'ARS'}",11733,True,"{'h': '1.54014', 'a': '1.77892'}"
98,"{'id': '82', 'title': 'Tottenham', 'short_title': 'TOT'}",2019-10-27 16:30:00,"{'w': '0.5907', 'd': '0.2368', 'l': '0.1725'}","{'h': '2', 'a': '1'}","{'id': '87', 'title': 'Liverpool', 'short_title': 'LIV'}",11736,True,"{'h': '2.18851', 'a': '1.35143'}"
99,"{'id': '89', 'title': 'Manchester United', 'short_title': 'MUN'}",2019-10-27 16:30:00,"{'w': '0.0079', 'd': '0.0224', 'l': '0.9697'}","{'h': '1', 'a': '3'}","{'id': '79', 'title': 'Norwich', 'short_title': 'NOR'}",11739,True,"{'h': '0.8924', 'a': '4.51232'}"
100,"{'id': '89', 'title': 'Manchester United', 'short_title': 'MUN'}",2019-11-02 12:30:00,"{'w': '0.7315', 'd': '0.1875', 'l': '0.081'}","{'h': '1', 'a': '0'}","{'id': '73', 'title': 'Bournemouth', 'short_title': 'BOU'}",11745,True,"{'h': '1.86862', 'a': '0.641129'}"
101,"{'id': '229', 'title': 'Wolverhampton Wanderers', 'short_title': 'WOL'}",2019-11-02 15:00:00,"{'w': '0.2334', 'd': '0.281', 'l': '0.4856'}","{'h': '1', 'a': '1'}","{'id': '83', 'title': 'Arsenal', 'short_title': 'ARS'}",11743,True,"{'h': '1.02552', 'a': '1.5103'}"
102,"{'id': '87', 'title': 'Liverpool', 'short_title': 'LIV'}",2019-11-02 15:00:00,"{'w': '0.0731', 'd': '0.1563', 'l': '0.7706'}","{'h': '1', 'a': '2'}","{'id': '71', 'title': 'Aston Villa', 'short_title': 'AVL'}",11744,True,"{'h': '0.741615', 'a': '2.38824'}"
103,"{'id': '79', 'title': 'Norwich', 'short_title': 'NOR'}",2019-11-02 15:00:00,"{'w': '0.8783', 'd': '0.094', 'l': '0.0277'}","{'h': '2', 'a': '0'}","{'id': '220', 'title': 'Brighton', 'short_title': 'BRI'}",11746,True,"{'h': '2.65496', 'a': '0.455082'}"
104,"{'id': '74', 'title': 'Southampton', 'short_title': 'SOU'}",2019-11-02 15:00:00,"{'w': '0.9119', 'd': '0.074', 'l': '0.0141'}","{'h': '2', 'a': '1'}","{'id': '88', 'title': 'Manchester City', 'short_title': 'MCI'}",11749,True,"{'h': '3.36132', 'a': '0.893889'}"
105,"{'id': '92', 'title': 'Burnley', 'short_title': 'BUR'}",2019-11-02 15:00:00,"{'w': '0.83', 'd': '0.1251', 'l': '0.0449'}","{'h': '3', 'a': '0'}","{'id': '238', 'title': 'Sheffield United', 'short_title': 'SHE'}",11750,True,"{'h': '2.58392', 'a': '0.716613'}"
106,"{'id': '86', 'title': 'Newcastle United', 'short_title': 'NEW'}",2019-11-02 15:00:00,"{'w': '0.271', 'd': '0.258', 'l': '0.471'}","{'h': '2', 'a': '3'}","{'id': '81', 'title': 'West Ham', 'short_title': 'WHU'}",11752,True,"{'h': '1.53597', 'a': '1.93192'}"
107,"{'id': '80', 'title': 'Chelsea', 'short_title': 'CHE'}",2019-11-02 17:30:00,"{'w': '0.2033', 'd': '0.2538', 'l': '0.5429'}","{'h': '1', 'a': '2'}","{'id': '90', 'title': 'Watford', 'short_title': 'WAT'}",11751,True,"{'h': '1.4744', 'a': '2.18313'}"
108,"{'id': '75', 'title': 'Leicester', 'short_title': 'LEI'}",2019-11-03 14:00:00,"{'w': '0.155', 'd': '0.3517', 'l': '0.4933'}","{'h': '0', 'a': '2'}","{'id': '78', 'title': 'Crystal Palace', 'short_title': 'CRY'}",11747,True,"{'h': '0.44291', 'a': '0.981167'}"
109,"{'id': '82', 'title': 'Tottenham', 'short_title': 'TOT'}",2019-11-03 16:30:00,"{'w': '0.6632', 'd': '0.2752', 'l': '0.0616'}","{'h': '1', 'a': '1'}","{'id': '72', 'title': 'Everton', 'short_title': 'EVE'}",11748,True,"{'h': '1.15532', 'a': '0.243393'}"
110,"{'id': '90', 'title': 'Watford', 'short_title': 'WAT'}",2019-11-08 20:00:00,"{'w': '0.1585', 'd': '0.28', 'l': '0.5615'}","{'h': '0', 'a': '2'}","{'id': '79', 'title': 'Norwich', 'short_title': 'NOR'}",11757,True,"{'h': '0.62104', 'a': '1.36017'}"
111,"{'id': '78', 'title': 'Crystal Palace', 'short_title': 'CRY'}",2019-11-09 12:30:00,"{'w': '0.9423', 'd': '0.0481', 'l': '0.0096'}","{'h': '2', 'a': '0'}","{'id': '80', 'title': 'Chelsea', 'short_title': 'CHE'}",11754,True,"{'h': '3.28903', 'a': '0.479488'}"
112,"{'id': '81', 'title': 'West Ham', 'short_title': 'WHU'}",2019-11-09 15:00:00,"{'w': '0.8586', 'd': '0.1051', 'l': '0.0363'}","{'h': '3', 'a': '0'}","{'id': '92', 'title': 'Burnley', 'short_title': 'BUR'}",11753,True,"{'h': '2.4158', 'a': '0.474281'}"
113,"{'id': '73', 'title': 'Bournemouth', 'short_title': 'BOU'}",2019-11-09 15:00:00,"{'w': '0.4754', 'd': '0.2446', 'l': '0.28'}","{'h': '2', 'a': '1'}","{'id': '86', 'title': 'Newcastle United', 'short_title': 'NEW'}",11756,True,"{'h': '2.3306', 'a': '1.9213'}"
114,"{'id': '72', 'title': 'Everton', 'short_title': 'EVE'}",2019-11-09 15:00:00,"{'w': '0.0761', 'd': '0.2071', 'l': '0.7168'}","{'h': '1', 'a': '2'}","{'id': '74', 'title': 'Southampton', 'short_title': 'SOU'}",11758,True,"{'h': '0.742281', 'a': '2.08883'}"
115,"{'id': '238', 'title': 'Sheffield United', 'short_title': 'SHE'}",2019-11-09 15:00:00,"{'w': '0.5262', 'd': '0.2654', 'l': '0.2084'}","{'h': '1', 'a': '1'}","{'id': '82', 'title': 'Tottenham', 'short_title': 'TOT'}",11759,True,"{'h': '1.5104', 'a': '0.923443'}"
116,"{'id': '83', 'title': 'Arsenal', 'short_title': 'ARS'}",2019-11-09 17:30:00,"{'w': '0.4439', 'd': '0.3099', 'l': '0.2462'}","{'h': '2', 'a': '0'}","{'id': '75', 'title': 'Leicester', 'short_title': 'LEI'}",11762,True,"{'h': '1.37055', 'a': '0.961339'}"
117,"{'id': '71', 'title': 'Aston Villa', 'short_title': 'AVL'}",2019-11-10 14:00:00,"{'w': '0.7939', 'd': '0.1511', 'l': '0.055'}","{'h': '2', 'a': '1'}","{'id': '229', 'title': 'Wolverhampton Wanderers', 'short_title': 'WOL'}",11760,True,"{'h': '2.09891', 'a': '0.473225'}"
118,"{'id': '220', 'title': 'Brighton', 'short_title': 'BRI'}",2019-11-10 14:00:00,"{'w': '0.8833', 'd': '0.0828', 'l': '0.0339'}","{'h': '3', 'a': '1'}","{'id': '89', 'title': 'Manchester United', 'short_title': 'MUN'}",11761,True,"{'h': '3.65299', 'a': '1.1342'}"
119,"{'id': '88', 'title': 'Manchester City', 'short_title': 'MCI'}",2019-11-10 16:30:00,"{'w': '0.3127', 'd': '0.2881', 'l': '0.3992'}","{'h': '3', 'a': '1'}","{'id': '87', 'title': 'Liverpool', 'short_title': 'LIV'}",11755,True,"{'h': '1.3319', 'a': '1.48104'}"
120,"{'id': '82', 'title': 'Tottenham', 'short_title': 'TOT'}",2019-11-23 12:30:00,"{'w': '0.0614', 'd': '0.1533', 'l': '0.7853'}","{'h': '2', 'a': '3'}","{'id': '81', 'title': 'West Ham', 'short_title': 'WHU'}",11772,True,"{'h': '0.661449', 'a': '2.20681'}"
121,"{'id': '74', 'title': 'Southampton', 'short_title': 'SOU'}",2019-11-23 15:00:00,"{'w': '0.1668', 'd': '0.2108', 'l': '0.6224'}","{'h': '2', 'a': '2'}","{'id': '83', 'title': 'Arsenal', 'short_title': 'ARS'}",11763,True,"{'h': '1.60823', 'a': '2.60312'}"
122,"{'id': '229', 'title': 'Wolverhampton Wanderers', 'short_title': 'WOL'}",2019-11-23 15:00:00,"{'w': '0.2059', 'd': '0.3272', 'l': '0.4669'}","{'h': '1', 'a': '2'}","{'id': '73', 'title': 'Bournemouth', 'short_title': 'BOU'}",11765,True,"{'h': '0.849789', 'a': '1.2765'}"
123,"{'id': '75', 'title': 'Leicester', 'short_title': 'LEI'}",2019-11-23 15:00:00,"{'w': '0.017', 'd': '0.0549', 'l': '0.9281'}","{'h': '0', 'a': '2'}","{'id': '220', 'title': 'Brighton', 'short_title': 'BRI'}",11766,True,"{'h': '0.784706', 'a': '3.50917'}"
124,"{'id': '87', 'title': 'Liverpool', 'short_title': 'LIV'}",2019-11-23 15:00:00,"{'w': '0.1967', 'd': '0.2659', 'l': '0.5374'}","{'h': '1', 'a': '2'}","{'id': '78', 'title': 'Crystal Palace', 'short_title': 'CRY'}",11767,True,"{'h': '1.02306', 'a': '1.64291'}"
125,"{'id': '79', 'title': 'Norwich', 'short_title': 'NOR'}",2019-11-23 15:00:00,"{'w': '0.1424', 'd': '0.2108', 'l': '0.6468'}","{'h': '0', 'a': '2'}","{'id': '72', 'title': 'Everton', 'short_title': 'EVE'}",11768,True,"{'h': '0.812693', 'a': '1.80849'}"
126,"{'id': '92', 'title': 'Burnley', 'short_title': 'BUR'}",2019-11-23 15:00:00,"{'w': '0.0541', 'd': '0.1127', 'l': '0.8332'}","{'h': '0', 'a': '3'}","{'id': '90', 'title': 'Watford', 'short_title': 'WAT'}",11771,True,"{'h': '0.902384', 'a': '2.66281'}"
127,"{'id': '80', 'title': 'Chelsea', 'short_title': 'CHE'}",2019-11-23 17:30:00,"{'w': '0.4647', 'd': '0.3041', 'l': '0.2312'}","{'h': '2', 'a': '1'}","{'id': '88', 'title': 'Manchester City', 'short_title': 'MCI'}",11769,True,"{'h': '1.23596', 'a': '0.820474'}"
128,"{'id': '89', 'title': 'Manchester United', 'short_title': 'MUN'}",2019-11-24 16:30:00,"{'w': '0.4198', 'd': '0.3029', 'l': '0.2773'}","{'h': '3', 'a': '3'}","{'id': '238', 'title': 'Sheffield United', 'short_title': 'SHE'}",11770,True,"{'h': '1.56025', 'a': '1.33065'}"
129,"{'id': '86', 'title': 'Newcastle United', 'short_title': 'NEW'}",2019-11-25 20:00:00,"{'w': '0.8515', 'd': '0.1083', 'l': '0.0402'}","{'h': '2', 'a': '0'}","{'id': '71', 'title': 'Aston Villa', 'short_title': 'AVL'}",11764,True,"{'h': '2.6985', 'a': '0.69784'}"
130,"{'id': '88', 'title': 'Manchester City', 'short_title': 'MCI'}",2019-11-30 12:30:00,"{'w': '0.0129', 'd': '0.0872', 'l': '0.8999'}","{'h': '2', 'a': '2'}","{'id': '86', 'title': 'Newcastle United', 'short_title': 'NEW'}",11777,True,"{'h': '0.208252', 'a': '2.44389'}"
131,"{'id': '78', 'title': 'Crystal Palace', 'short_title': 'CRY'}",2019-11-30 15:00:00,"{'w': '0.617', 'd': '0.2446', 'l': '0.1384'}","{'h': '0', 'a': '2'}","{'id': '92', 'title': 'Burnley', 'short_title': 'BUR'}",11773,True,"{'h': '1.8509', 'a': '0.936732'}"
132,"{'id': '81', 'title': 'West Ham', 'short_title': 'WHU'}",2019-11-30 15:00:00,"{'w': '0.7651', 'd': '0.1557', 'l': '0.0792'}","{'h': '0', 'a': '1'}","{'id': '80', 'title': 'Chelsea', 'short_title': 'CHE'}",11774,True,"{'h': '2.73185', 'a': '1.12034'}"
133,"{'id': '220', 'title': 'Brighton', 'short_title': 'BRI'}",2019-11-30 15:00:00,"{'w': '0.5044', 'd': '0.2797', 'l': '0.2159'}","{'h': '2', 'a': '1'}","{'id': '87', 'title': 'Liverpool', 'short_title': 'LIV'}",11776,True,"{'h': '1.36832', 'a': '0.867601'}"
134,"{'id': '73', 'title': 'Bournemouth', 'short_title': 'BOU'}",2019-11-30 15:00:00,"{'w': '0.8068', 'd': '0.1241', 'l': '0.0691'}","{'h': '3', 'a': '2'}","{'id': '82', 'title': 'Tottenham', 'short_title': 'TOT'}",11779,True,"{'h': '2.93189', 'a': '1.02949'}"
135,"{'id': '90', 'title': 'Watford', 'short_title': 'WAT'}",2019-11-30 17:30:00,"{'w': '0.826', 'd': '0.1455', 'l': '0.0285'}","{'h': '2', 'a': '1'}","{'id': '74', 'title': 'Southampton', 'short_title': 'SOU'}",11778,True,"{'h': '1.9671', 'a': '0.504005'}"
136,"{'id': '238', 'title': 'Sheffield United', 'short_title': 'SHE'}",2019-12-01 14:00:00,"{'w': '0.3147', 'd': '0.2737', 'l': '0.4116'}","{'h': '1', 'a': '1'}","{'id': '229', 'title': 'Wolverhampton Wanderers', 'short_title': 'WOL'}",11780,True,"{'h': '1.27422', 'a': '1.47296'}"
137,"{'id': '83', 'title': 'Arsenal', 'short_title': 'ARS'}",2019-12-01 14:00:00,"{'w': '0.1015', 'd': '0.191', 'l': '0.7075'}","{'h': '2', 'a': '2'}","{'id': '79', 'title': 'Norwich', 'short_title': 'NOR'}",11781,True,"{'h': '0.810596', 'a': '1.96157'}"
138,"{'id': '72', 'title': 'Everton', 'short_title': 'EVE'}",2019-12-01 16:30:00,"{'w': '0.6223', 'd': '0.2153', 'l': '0.1624'}","{'h': '2', 'a': '1'}","{'id': '75', 'title': 'Leicester', 'short_title': 'LEI'}",11775,True,"{'h': '2.24348', 'a': '1.24986'}"
139,"{'id': '71', 'title': 'Aston Villa', 'short_title': 'AVL'}",2019-12-01 16:30:00,"{'w': '0.5014', 'd': '0.2793', 'l': '0.2193'}","{'h': '2', 'a': '2'}","{'id': '89', 'title': 'Manchester United', 'short_title': 'MUN'}",11782,True,"{'h': '1.84804', 'a': '1.29701'}"
140,"{'id': '73', 'title': 'Bournemouth', 'short_title': 'BOU'}",2019-12-03 19:30:00,"{'w': '0.2392', 'd': '0.5482', 'l': '0.2126'}","{'h': '1', 'a': '0'}","{'id': '78', 'title': 'Crystal Palace', 'short_title': 'CRY'}",11791,True,"{'h': '0.383763', 'a': '0.342799'}"
141,"{'id': '88', 'title': 'Manchester City', 'short_title': 'MCI'}",2019-12-03 20:15:00,"{'w': '0.025', 'd': '0.0891', 'l': '0.8859'}","{'h': '1', 'a': '4'}","{'id': '92', 'title': 'Burnley', 'short_title': 'BUR'}",11784,True,"{'h': '0.486548', 'a': '2.56057'}"
142,"{'id': '90', 'title': 'Watford', 'short_title': 'WAT'}",2019-12-04 19:30:00,"{'w': '0.9199', 'd': '0.0706', 'l': '0.0095'}","{'h': '2', 'a': '0'}","{'id': '75', 'title': 'Leicester', 'short_title': 'LEI'}",11785,True,"{'h': '2.28735', 'a': '0.199733'}"
143,"{'id': '81', 'title': 'West Ham', 'short_title': 'WHU'}",2019-12-04 19:30:00,"{'w': '0.735', 'd': '0.1951', 'l': '0.0699'}","{'h': '2', 'a': '0'}","{'id': '229', 'title': 'Wolverhampton Wanderers', 'short_title': 'WOL'}",11787,True,"{'h': '1.82237', 'a': '0.501977'}"
144,"{'id': '82', 'title': 'Tottenham', 'short_title': 'TOT'}",2019-12-04 19:30:00,"{'w': '0.6568', 'd': '0.2512', 'l': '0.092'}","{'h': '2', 'a': '1'}","{'id': '89', 'title': 'Manchester United', 'short_title': 'MUN'}",11788,True,"{'h': '1.47683', 'a': '0.542315'}"
145,"{'id': '71', 'title': 'Aston Villa', 'short_title': 'AVL'}",2019-12-04 19:30:00,"{'w': '0.6494', 'd': '0.2192', 'l': '0.1314'}","{'h': '2', 'a': '1'}","{'id': '80', 'title': 'Chelsea', 'short_title': 'CHE'}",11789,True,"{'h': '1.9774', 'a': '0.86086'}"
146,"{'id': '79', 'title': 'Norwich', 'short_title': 'NOR'}",2019-12-04 19:30:00,"{'w': '0.6864', 'd': '0.2089', 'l': '0.1047'}","{'h': '2', 'a': '1'}","{'id': '74', 'title': 'Southampton', 'short_title': 'SOU'}",11790,True,"{'h': '2.00232', 'a': '0.896647'}"
147,"{'id': '72', 'title': 'Everton', 'short_title': 'EVE'}",2019-12-04 20:15:00,"{'w': '0.5327', 'd': '0.2329', 'l': '0.2344'}","{'h': '5', 'a': '2'}","{'id': '87', 'title': 'Liverpool', 'short_title': 'LIV'}",11792,True,"{'h': '2.41397', 'a': '1.76453'}"
148,"{'id': '86', 'title': 'Newcastle United', 'short_title': 'NEW'}",2019-12-05 19:30:00,"{'w': '0.5039', 'd': '0.3343', 'l': '0.1618'}","{'h': '0', 'a': '2'}","{'id': '238', 'title': 'Sheffield United', 'short_title': 'SHE'}",11786,True,"{'h': '1.09175', 'a': '0.533775'}"
149,"{'id': '220', 'title': 'Brighton', 'short_title': 'BRI'}",2019-12-05 20:15:00,"{'w': '0.229', 'd': '0.2568', 'l': '0.5142'}","{'h': '1', 'a': '2'}","{'id': '83', 'title': 'Arsenal', 'short_title': 'ARS'}",11783,True,"{'h': '0.965377', 'a': '1.53446'}"
150,"{'id': '80', 'title': 'Chelsea', 'short_title': 'CHE'}",2019-12-07 12:30:00,"{'w': '0.5741', 'd': '0.2352', 'l': '0.1907'}","{'h': '3', 'a': '1'}","{'id': '72', 'title': 'Everton', 'short_title': 'EVE'}",11796,True,"{'h': '2.03892', 'a': '1.25734'}"
151,"{'id': '87', 'title': 'Liverpool', 'short_title': 'LIV'}",2019-12-07 15:00:00,"{'w': '0.0046', 'd': '0.0368', 'l': '0.9586'}","{'h': '0', 'a': '3'}","{'id': '73', 'title': 'Bournemouth', 'short_title': 'BOU'}",11794,True,"{'h': '0.154608', 'a': '3.04446'}"
152,"{'id': '92', 'title': 'Burnley', 'short_title': 'BUR'}",2019-12-07 15:00:00,"{'w': '0.7218', 'd': '0.1919', 'l': '0.0863'}","{'h': '5', 'a': '0'}","{'id': '82', 'title': 'Tottenham', 'short_title': 'TOT'}",11800,True,"{'h': '2.39684', 'a': '1.08645'}"
153,"{'id': '78', 'title': 'Crystal Palace', 'short_title': 'CRY'}",2019-12-07 15:00:00,"{'w': '0.7994', 'd': '0.1733', 'l': '0.0273'}","{'h': '0', 'a': '0'}","{'id': '90', 'title': 'Watford', 'short_title': 'WAT'}",11801,True,"{'h': '1.57132', 'a': '0.210746'}"
154,"{'id': '89', 'title': 'Manchester United', 'short_title': 'MUN'}",2019-12-07 17:30:00,"{'w': '0.4696', 'd': '0.2472', 'l': '0.2832'}","{'h': '1', 'a': '2'}","{'id': '88', 'title': 'Manchester City', 'short_title': 'MCI'}",11797,True,"{'h': '2.07108', 'a': '1.63385'}"
155,"{'id': '75', 'title': 'Leicester', 'short_title': 'LEI'}",2019-12-08 14:00:00,"{'w': '0.0239', 'd': '0.0624', 'l': '0.9137'}","{'h': '1', 'a': '4'}","{'id': '71', 'title': 'Aston Villa', 'short_title': 'AVL'}",11793,True,"{'h': '1.24141', 'a': '4.03286'}"
156,"{'id': '74', 'title': 'Southampton', 'short_title': 'SOU'}",2019-12-08 14:00:00,"{'w': '0.1687', 'd': '0.2549', 'l': '0.5764'}","{'h': '2', 'a': '1'}","{'id': '86', 'title': 'Newcastle United', 'short_title': 'NEW'}",11798,True,"{'h': '1.10449', 'a': '1.89255'}"
157,"{'id': '238', 'title': 'Sheffield United', 'short_title': 'SHE'}",2019-12-08 14:00:00,"{'w': '0.2498', 'd': '0.4017', 'l': '0.3485'}","{'h': '1', 'a': '2'}","{'id': '79', 'title': 'Norwich', 'short_title': 'NOR'}",11799,True,"{'h': '0.585805', 'a': '0.712899'}"
158,"{'id': '229', 'title': 'Wolverhampton Wanderers', 'short_title': 'WOL'}",2019-12-08 16:30:00,"{'w': '0.1487', 'd': '0.2284', 'l': '0.6229'}","{'h': '2', 'a': '2'}","{'id': '220', 'title': 'Brighton', 'short_title': 'BRI'}",11795,True,"{'h': '0.951621', 'a': '1.87208'}"
159,"{'id': '83', 'title': 'Arsenal', 'short_title': 'ARS'}",2019-12-09 20:00:00,"{'w': '0.073', 'd': '0.1861', 'l': '0.7409'}","{'h': '1', 'a': '3'}","{'id': '81', 'title': 'West Ham', 'short_title': 'WHU'}",11802,True,"{'h': '0.521847', 'a': '1.79181'}"
160,"{'id': '90', 'title': 'Watford', 'short_title': 'WAT'}",2019-12-14 12:30:00,"{'w': '0.518', 'd': '0.2644', 'l': '0.2176'}","{'h': '2', 'a': '0'}","{'id': '87', 'title': 'Liverpool', 'short_title': 'LIV'}",11808,True,"{'h': '1.56674', 'a': '1.01166'}"
161,"{'id': '86', 'title': 'Newcastle United', 'short_title': 'NEW'}",2019-12-14 15:00:00,"{'w': '0.4421', 'd': '0.3378', 'l': '0.2201'}","{'h': '1', 'a': '0'}","{'id': '92', 'title': 'Burnley', 'short_title': 'BUR'}",11804,True,"{'h': '1.43602', 'a': '1.08726'}"
162,"{'id': '73', 'title': 'Bournemouth', 'short_title': 'BOU'}",2019-12-14 15:00:00,"{'w': '0.566', 'd': '0.2294', 'l': '0.2046'}","{'h': '0', 'a': '1'}","{'id': '80', 'title': 'Chelsea', 'short_title': 'CHE'}",11805,True,"{'h': '2.02119', 'a': '1.20777'}"
163,"{'id': '79', 'title': 'Norwich', 'short_title': 'NOR'}",2019-12-14 15:00:00,"{'w': '0.3044', 'd': '0.3038', 'l': '0.3918'}","{'h': '1', 'a': '1'}","{'id': '75', 'title': 'Leicester', 'short_title': 'LEI'}",11807,True,"{'h': '1.06421', 'a': '1.16408'}"
164,"{'id': '71', 'title': 'Aston Villa', 'short_title': 'AVL'}",2019-12-14 15:00:00,"{'w': '0.632', 'd': '0.2565', 'l': '0.1115'}","{'h': '2', 'a': '0'}","{'id': '238', 'title': 'Sheffield United', 'short_title': 'SHE'}",11810,True,"{'h': '1.888', 'a': '0.97258'}"
165,"{'id': '81', 'title': 'West Ham', 'short_title': 'WHU'}",2019-12-14 17:30:00,"{'w': '0.311', 'd': '0.3452', 'l': '0.3438'}","{'h': '0', 'a': '1'}","{'id': '74', 'title': 'Southampton', 'short_title': 'SOU'}",11811,True,"{'h': '0.805884', 'a': '0.90324'}"
166,"{'id': '72', 'title': 'Everton', 'short_title': 'EVE'}",2019-12-15 14:00:00,"{'w': '0.7171', 'd': '0.2244', 'l': '0.0585'}","{'h': '1', 'a': '1'}","{'id': '89', 'title': 'Manchester United', 'short_title': 'MUN'}",11809,True,"{'h': '1.48327', 'a': '0.276759'}"
167,"{'id': '82', 'title': 'Tottenham', 'short_title': 'TOT'}",2019-12-15 14:00:00,"{'w': '0.2404', 'd': '0.3386', 'l': '0.421'}","{'h': '1', 'a': '2'}","{'id': '229', 'title': 'Wolverhampton Wanderers', 'short_title': 'WOL'}",11812,True,"{'h': '0.718669', 'a': '0.989205'}"
168,"{'id': '88', 'title': 'Manchester City', 'short_title': 'MCI'}",2019-12-15 16:30:00,"{'w': '0.042', 'd': '0.1757', 'l': '0.7823'}","{'h': '0', 'a': '3'}","{'id': '83', 'title': 'Arsenal', 'short_title': 'ARS'}",11803,True,"{'h': '0.28161', 'a': '1.69553'}"
169,"{'id': '220', 'title': 'Brighton', 'short_title': 'BRI'}",2019-12-16 19:45:00,"{'w': '0.0214', 'd': '0.081', 'l': '0.8976'}","{'h': '1', 'a': '1'}","{'id': '78', 'title': 'Crystal Palace', 'short_title': 'CRY'}",11806,True,"{'h': '0.484859', 'a': '2.48355'}"
170,"{'id': '83', 'title': 'Arsenal', 'short_title': 'ARS'}",2019-12-21 12:30:00,"{'w': '0.1606', 'd': '0.3613', 'l': '0.4781'}","{'h': '0', 'a': '0'}","{'id': '72', 'title': 'Everton', 'short_title': 'EVE'}",11816,True,"{'h': '0.486523', 'a': '0.881818'}"
171,"{'id': '74', 'title': 'Southampton', 'short_title': 'SOU'}",2019-12-21 15:00:00,"{'w': '0.0701', 'd': '0.1332', 'l': '0.7967'}","{'h': '1', 'a': '3'}","{'id': '71', 'title': 'Aston Villa', 'short_title': 'AVL'}",11813,True,"{'h': '0.921054', 'a': '2.63444'}"
172,"{'id': '92', 'title': 'Burnley', 'short_title': 'BUR'}",2019-12-21 15:00:00,"{'w': '0.1153', 'd': '0.7656', 'l': '0.1191'}","{'h': '0', 'a': '1'}","{'id': '73', 'title': 'Bournemouth', 'short_title': 'BOU'}",11814,True,"{'h': '0.138532', 'a': '0.144318'}"
173,"{'id': '238', 'title': 'Sheffield United', 'short_title': 'SHE'}",2019-12-21 15:00:00,"{'w': '0.0649', 'd': '0.1924', 'l': '0.7427'}","{'h': '0', 'a': '1'}","{'id': '220', 'title': 'Brighton', 'short_title': 'BRI'}",11815,True,"{'h': '0.428371', 'a': '1.65933'}"
174,"{'id': '78', 'title': 'Crystal Palace', 'short_title': 'CRY'}",2019-12-21 15:00:00,"{'w': '0.2554', 'd': '0.3549', 'l': '0.3897'}","{'h': '1', 'a': '0'}","{'id': '86', 'title': 'Newcastle United', 'short_title': 'NEW'}",11818,True,"{'h': '0.714368', 'a': '0.985368'}"
175,"{'id': '229', 'title': 'Wolverhampton Wanderers', 'short_title': 'WOL'}",2019-12-21 15:00:00,"{'w': '0.2615', 'd': '0.2668', 'l': '0.4717'}","{'h': '1', 'a': '2'}","{'id': '79', 'title': 'Norwich', 'short_title': 'NOR'}",11819,True,"{'h': '1.26536', 'a': '1.65224'}"
176,"{'id': '75', 'title': 'Leicester', 'short_title': 'LEI'}",2019-12-21 17:30:00,"{'w': '0.9032', 'd': '0.0714', 'l': '0.0254'}","{'h': '3', 'a': '1'}","{'id': '88', 'title': 'Manchester City', 'short_title': 'MCI'}",11817,True,"{'h': '3.59139', 'a': '1.01388'}"
177,"{'id': '89', 'title': 'Manchester United', 'short_title': 'MUN'}",2019-12-22 14:00:00,"{'w': '0.3791', 'd': '0.2811', 'l': '0.3398'}","{'h': '2', 'a': '0'}","{'id': '90', 'title': 'Watford', 'short_title': 'WAT'}",11821,True,"{'h': '1.59291', 'a': '1.5309'}"
178,"{'id': '80', 'title': 'Chelsea', 'short_title': 'CHE'}",2019-12-22 16:30:00,"{'w': '0.0406', 'd': '0.1922', 'l': '0.7672'}","{'h': '0', 'a': '2'}","{'id': '82', 'title': 'Tottenham', 'short_title': 'TOT'}",11820,True,"{'h': '0.276667', 'a': '1.49374'}"
179,"{'id': '220', 'title': 'Brighton', 'short_title': 'BRI'}",2019-12-26 12:30:00,"{'w': '0.3168', 'd': '0.3158', 'l': '0.3674'}","{'h': '2', 'a': '1'}","{'id': '82', 'title': 'Tottenham', 'short_title': 'TOT'}",11831,True,"{'h': '1.02645', 'a': '1.09007'}"
180,"{'id': '79', 'title': 'Norwich', 'short_title': 'NOR'}",2019-12-26 15:00:00,"{'w': '0.1589', 'd': '0.2584', 'l': '0.5827'}","{'h': '1', 'a': '0'}","{'id': '71', 'title': 'Aston Villa', 'short_title': 'AVL'}",11823,True,"{'h': '0.654194', 'a': '1.45005'}"
181,"{'id': '83', 'title': 'Arsenal', 'short_title': 'ARS'}",2019-12-26 15:00:00,"{'w': '0.4082', 'd': '0.2741', 'l': '0.3177'}","{'h': '1', 'a': '1'}","{'id': '73', 'title': 'Bournemouth', 'short_title': 'BOU'}",11824,True,"{'h': '1.55463', 'a': '1.42464'}"
182,"{'id': '74', 'title': 'Southampton', 'short_title': 'SOU'}",2019-12-26 15:00:00,"{'w': '0.2827', 'd': '0.3415', 'l': '0.3758'}","{'h': '0', 'a': '2'}","{'id': '80', 'title': 'Chelsea', 'short_title': 'CHE'}",11825,True,"{'h': '0.859973', 'a': '0.981321'}"
183,"{'id': '81', 'title': 'West Ham', 'short_title': 'WHU'}",2019-12-26 15:00:00,"{'w': '0.7301', 'd': '0.1812', 'l': '0.0887'}","{'h': '2', 'a': '1'}","{'id': '78', 'title': 'Crystal Palace', 'short_title': 'CRY'}",11826,True,"{'h': '2.14195', 'a': '0.796338'}"
184,"{'id': '92', 'title': 'Burnley', 'short_title': 'BUR'}",2019-12-26 15:00:00,"{'w': '0.6218', 'd': '0.2726', 'l': '0.1056'}","{'h': '1', 'a': '0'}","{'id': '72', 'title': 'Everton', 'short_title': 'EVE'}",11827,True,"{'h': '1.47521', 'a': '0.565252'}"
185,"{'id': '90', 'title': 'Watford', 'short_title': 'WAT'}",2019-12-26 15:00:00,"{'w': '0.7843', 'd': '0.1616', 'l': '0.0541'}","{'h': '1', 'a': '1'}","{'id': '238', 'title': 'Sheffield United', 'short_title': 'SHE'}",11830,True,"{'h': '2.04481', 'a': '0.596611'}"
186,"{'id': '86', 'title': 'Newcastle United', 'short_title': 'NEW'}",2019-12-26 17:30:00,"{'w': '0.612', 'd': '0.2376', 'l': '0.1504'}","{'h': '4', 'a': '1'}","{'id': '89', 'title': 'Manchester United', 'short_title': 'MUN'}",11829,True,"{'h': '1.99638', 'a': '1.05018'}"
187,"{'id': '87', 'title': 'Liverpool', 'short_title': 'LIV'}",2019-12-26 20:00:00,"{'w': '0.0003', 'd': '0.0086', 'l': '0.9911'}","{'h': '0', 'a': '4'}","{'id': '75', 'title': 'Leicester', 'short_title': 'LEI'}",11828,True,"{'h': '0.120994', 'a': '3.76973'}"
188,"{'id': '88', 'title': 'Manchester City', 'short_title': 'MCI'}",2019-12-27 19:45:00,"{'w': '0.6128', 'd': '0.2356', 'l': '0.1516'}","{'h': '3', 'a': '2'}","{'id': '229', 'title': 'Wolverhampton Wanderers', 'short_title': 'WOL'}",11832,True,"{'h': '2.39405', 'a': '1.52044'}"
189,"{'id': '73', 'title': 'Bournemouth', 'short_title': 'BOU'}",2019-12-28 12:30:00,"{'w': '0.5128', 'd': '0.3292', 'l': '0.158'}","{'h': '2', 'a': '0'}","{'id': '220', 'title': 'Brighton', 'short_title': 'BRI'}",11834,True,"{'h': '1.05876', 'a': '0.500726'}"
190,"{'id': '72', 'title': 'Everton', 'short_title': 'EVE'}",2019-12-28 15:00:00,"{'w': '0.1581', 'd': '0.1764', 'l': '0.6655'}","{'h': '1', 'a': '2'}","{'id': '86', 'title': 'Newcastle United', 'short_title': 'NEW'}",11838,True,"{'h': '1.63211', 'a': '2.82576'}"
191,"{'id': '78', 'title': 'Crystal Palace', 'short_title': 'CRY'}",2019-12-28 15:00:00,"{'w': '0.7755', 'd': '0.1989', 'l': '0.0256'}","{'h': '1', 'a': '1'}","{'id': '74', 'title': 'Southampton', 'short_title': 'SOU'}",11840,True,"{'h': '1.47937', 'a': '0.137837'}"
192,"{'id': '71', 'title': 'Aston Villa', 'short_title': 'AVL'}",2019-12-28 15:00:00,"{'w': '0.9266', 'd': '0.0573', 'l': '0.0161'}","{'h': '3', 'a': '0'}","{'id': '90', 'title': 'Watford', 'short_title': 'WAT'}",11841,True,"{'h': '3.25314', 'a': '0.610997'}"
193,"{'id': '82', 'title': 'Tottenham', 'short_title': 'TOT'}",2019-12-28 17:30:00,"{'w': '0.0263', 'd': '0.141', 'l': '0.8327'}","{'h': '2', 'a': '2'}","{'id': '79', 'title': 'Norwich', 'short_title': 'NOR'}",11839,True,"{'h': '0.268052', 'a': '1.82189'}"
194,"{'id': '75', 'title': 'Leicester', 'short_title': 'LEI'}",2019-12-28 17:30:00,"{'w': '0.0516', 'd': '0.1144', 'l': '0.834'}","{'h': '1', 'a': '2'}","{'id': '81', 'title': 'West Ham', 'short_title': 'WHU'}",11842,True,"{'h': '0.782104', 'a': '2.62349'}"
195,"{'id': '89', 'title': 'Manchester United', 'short_title': 'MUN'}",2019-12-28 19:45:00,"{'w': '0.0282', 'd': '0.1155', 'l': '0.8563'}","{'h': '0', 'a': '2'}","{'id': '92', 'title': 'Burnley', 'short_title': 'BUR'}",11835,True,"{'h': '0.386662', 'a': '2.10542'}"
196,"{'id': '80', 'title': 'Chelsea', 'short_title': 'CHE'}",2019-12-29 14:00:00,"{'w': '0.1634', 'd': '0.2709', 'l': '0.5657'}","{'h': '1', 'a': '2'}","{'id': '83', 'title': 'Arsenal', 'short_title': 'ARS'}",11833,True,"{'h': '0.785214', 'a': '1.49666'}"
197,"{'id': '229', 'title': 'Wolverhampton Wanderers', 'short_title': 'WOL'}",2019-12-29 16:30:00,"{'w': '0.7092', 'd': '0.224', 'l': '0.0668'}","{'h': '1', 'a': '0'}","{'id': '87', 'title': 'Liverpool', 'short_title': 'LIV'}",11836,True,"{'h': '1.49124', 'a': '0.363764'}"
198,"{'id': '238', 'title': 'Sheffield United', 'short_title': 'SHE'}",2019-12-29 18:00:00,"{'w': '0.3044', 'd': '0.3003', 'l': '0.3953'}","{'h': '2', 'a': '0'}","{'id': '88', 'title': 'Manchester City', 'short_title': 'MCI'}",11837,True,"{'h': '1.08628', 'a': '1.23346'}"
199,"{'id': '80', 'title': 'Chelsea', 'short_title': 'CHE'}",2020-01-01 12:30:00,"{'w': '0.3583', 'd': '0.2959', 'l': '0.3458'}","{'h': '1', 'a': '1'}","{'id': '220', 'title': 'Brighton', 'short_title': 'BRI'}",11845,True,"{'h': '1.56978', 'a': '1.57497'}"
200,"{'id': '71', 'title': 'Aston Villa', 'short_title': 'AVL'}",2020-01-01 12:30:00,"{'w': '0.532', 'd': '0.2321', 'l': '0.2359'}","{'h': '1', 'a': '2'}","{'id': '92', 'title': 'Burnley', 'short_title': 'BUR'}",11846,True,"{'h': '2.34418', 'a': '1.74824'}"
201,"{'id': '75', 'title': 'Leicester', 'short_title': 'LEI'}",2020-01-01 15:00:00,"{'w': '0.0438', 'd': '0.1446', 'l': '0.8116'}","{'h': '0', 'a': '3'}","{'id': '86', 'title': 'Newcastle United', 'short_title': 'NEW'}",11849,True,"{'h': '0.780118', 'a': '2.43642'}"
202,"{'id': '82', 'title': 'Tottenham', 'short_title': 'TOT'}",2020-01-01 15:00:00,"{'w': '0.4731', 'd': '0.2856', 'l': '0.2413'}","{'h': '1', 'a': '0'}","{'id': '74', 'title': 'Southampton', 'short_title': 'SOU'}",11851,True,"{'h': '1.51192', 'a': '1.078'}"
203,"{'id': '229', 'title': 'Wolverhampton Wanderers', 'short_title': 'WOL'}",2020-01-01 15:00:00,"{'w': '0.3114', 'd': '0.298', 'l': '0.3906'}","{'h': '2', 'a': '1'}","{'id': '90', 'title': 'Watford', 'short_title': 'WAT'}",11852,True,"{'h': '1.07053', 'a': '1.23252'}"
204,"{'id': '73', 'title': 'Bournemouth', 'short_title': 'BOU'}",2020-01-01 17:30:00,"{'w': '0.8034', 'd': '0.1575', 'l': '0.0391'}","{'h': '4', 'a': '0'}","{'id': '81', 'title': 'West Ham', 'short_title': 'WHU'}",11843,True,"{'h': '2.32825', 'a': '0.720709'}"
205,"{'id': '72', 'title': 'Everton', 'short_title': 'EVE'}",2020-01-01 17:30:00,"{'w': '0.6084', 'd': '0.2598', 'l': '0.1318'}","{'h': '2', 'a': '1'}","{'id': '88', 'title': 'Manchester City', 'short_title': 'MCI'}",11848,True,"{'h': '1.79757', 'a': '0.848942'}"
206,"{'id': '78', 'title': 'Crystal Palace', 'short_title': 'CRY'}",2020-01-01 17:30:00,"{'w': '0.4478', 'd': '0.2915', 'l': '0.2607'}","{'h': '1', 'a': '1'}","{'id': '79', 'title': 'Norwich', 'short_title': 'NOR'}",11850,True,"{'h': '1.66454', 'a': '1.29896'}"
207,"{'id': '89', 'title': 'Manchester United', 'short_title': 'MUN'}",2020-01-01 20:00:00,"{'w': '0.7141', 'd': '0.2018', 'l': '0.0841'}","{'h': '2', 'a': '0'}","{'id': '83', 'title': 'Arsenal', 'short_title': 'ARS'}",11844,True,"{'h': '1.90747', 'a': '0.715563'}"
208,"{'id': '238', 'title': 'Sheffield United', 'short_title': 'SHE'}",2020-01-02 20:00:00,"{'w': '0.9328', 'd': '0.0591', 'l': '0.0081'}","{'h': '2', 'a': '0'}","{'id': '87', 'title': 'Liverpool', 'short_title': 'LIV'}",11847,True,"{'h': '3.0465', 'a': '0.634607'}"
209,"{'id': '81', 'title': 'West Ham', 'short_title': 'WHU'}",2020-01-10 20:00:00,"{'w': '0.6699', 'd': '0.207', 'l': '0.1231'}","{'h': '1', 'a': '0'}","{'id': '238', 'title': 'Sheffield United', 'short_title': 'SHE'}",11855,True,"{'h': '2.02768', 'a': '0.90477'}"
210,"{'id': '83', 'title': 'Arsenal', 'short_title': 'ARS'}",2020-01-11 12:30:00,"{'w': '0.0317', 'd': '0.1698', 'l': '0.7985'}","{'h': '1', 'a': '1'}","{'id': '78', 'title': 'Crystal Palace', 'short_title': 'CRY'}",11859,True,"{'h': '0.317862', 'a': '1.43924'}"
211,"{'id': '86', 'title': 'Newcastle United', 'short_title': 'NEW'}",2020-01-11 15:00:00,"{'w': '0.8999', 'd': '0.089', 'l': '0.0111'}","{'h': '1', 'a': '1'}","{'id': '229', 'title': 'Wolverhampton Wanderers', 'short_title': 'WOL'}",11853,True,"{'h': '2.04805', 'a': '0.184495'}"
212,"{'id': '92', 'title': 'Burnley', 'short_title': 'BUR'}",2020-01-11 15:00:00,"{'w': '0.8783', 'd': '0.097', 'l': '0.0247'}","{'h': '3', 'a': '0'}","{'id': '80', 'title': 'Chelsea', 'short_title': 'CHE'}",11858,True,"{'h': '2.87633', 'a': '0.717407'}"
213,"{'id': '220', 'title': 'Brighton', 'short_title': 'BRI'}",2020-01-11 15:00:00,"{'w': '0.4903', 'd': '0.2518', 'l': '0.2579'}","{'h': '1', 'a': '0'}","{'id': '72', 'title': 'Everton', 'short_title': 'EVE'}",11860,True,"{'h': '2.02533', 'a': '1.53324'}"
214,"{'id': '74', 'title': 'Southampton', 'short_title': 'SOU'}",2020-01-11 15:00:00,"{'w': '0.0603', 'd': '0.151', 'l': '0.7887'}","{'h': '1', 'a': '2'}","{'id': '75', 'title': 'Leicester', 'short_title': 'LEI'}",11861,True,"{'h': '0.780114', 'a': '2.40601'}"
215,"{'id': '79', 'title': 'Norwich', 'short_title': 'NOR'}",2020-01-11 15:00:00,"{'w': '0.9713', 'd': '0.0254', 'l': '0.0033'}","{'h': '4', 'a': '0'}","{'id': '89', 'title': 'Manchester United', 'short_title': 'MUN'}",11862,True,"{'h': '3.13456', 'a': '0.275987'}"
216,"{'id': '87', 'title': 'Liverpool', 'short_title': 'LIV'}",2020-01-11 17:30:00,"{'w': '0.2095', 'd': '0.2573', 'l': '0.5332'}","{'h': '0', 'a': '1'}","{'id': '82', 'title': 'Tottenham', 'short_title': 'TOT'}",11854,True,"{'h': '1.10584', 'a': '1.74564'}"
217,"{'id': '90', 'title': 'Watford', 'short_title': 'WAT'}",2020-01-12 14:00:00,"{'w': '0.0223', 'd': '0.1044', 'l': '0.8733'}","{'h': '0', 'a': '3'}","{'id': '73', 'title': 'Bournemouth', 'short_title': 'BOU'}",11857,True,"{'h': '0.320447', 'a': '2.29827'}"
218,"{'id': '88', 'title': 'Manchester City', 'short_title': 'MCI'}",2020-01-12 16:30:00,"{'w': '0.0269', 'd': '0.0804', 'l': '0.8927'}","{'h': '1', 'a': '6'}","{'id': '71', 'title': 'Aston Villa', 'short_title': 'AVL'}",11856,True,"{'h': '1.12565', 'a': '3.75131'}"
219,"{'id': '82', 'title': 'Tottenham', 'short_title': 'TOT'}",2020-01-18 12:30:00,"{'w': '0.5385', 'd': '0.2236', 'l': '0.2379'}","{'h': '0', 'a': '0'}","{'id': '90', 'title': 'Watford', 'short_title': 'WAT'}",11871,True,"{'h': '2.39174', 'a': '1.76697'}"
220,"{'id': '238', 'title': 'Sheffield United', 'short_title': 'SHE'}",2020-01-18 15:00:00,"{'w': '0.3527', 'd': '0.3268', 'l': '0.3205'}","{'h': '1', 'a': '1'}","{'id': '83', 'title': 'Arsenal', 'short_title': 'ARS'}",11863,True,"{'h': '1.22882', 'a': '1.18444'}"
221,"{'id': '78', 'title': 'Crystal Palace', 'short_title': 'CRY'}",2020-01-18 15:00:00,"{'w': '0.83', 'd': '0.1309', 'l': '0.0391'}","{'h': '2', 'a': '2'}","{'id': '88', 'title': 'Manchester City', 'short_title': 'MCI'}",11864,True,"{'h': '2.47314', 'a': '0.586716'}"
222,"{'id': '71', 'title': 'Aston Villa', 'short_title': 'AVL'}",2020-01-18 15:00:00,"{'w': '0.433', 'd': '0.3044', 'l': '0.2626'}","{'h': '1', 'a': '1'}","{'id': '220', 'title': 'Brighton', 'short_title': 'BRI'}",11867,True,"{'h': '1.30028', 'a': '1.02045'}"
223,"{'id': '73', 'title': 'Bournemouth', 'short_title': 'BOU'}",2020-01-18 15:00:00,"{'w': '0.7257', 'd': '0.2016', 'l': '0.0727'}","{'h': '1', 'a': '0'}","{'id': '79', 'title': 'Norwich', 'short_title': 'NOR'}",11869,True,"{'h': '1.76046', 'a': '0.558298'}"
224,"{'id': '229', 'title': 'Wolverhampton Wanderers', 'short_title': 'WOL'}",2020-01-18 15:00:00,"{'w': '0.0779', 'd': '0.1631', 'l': '0.759'}","{'h': '2', 'a': '3'}","{'id': '74', 'title': 'Southampton', 'short_title': 'SOU'}",11870,True,"{'h': '0.786974', 'a': '2.1772'}"
225,"{'id': '72', 'title': 'Everton', 'short_title': 'EVE'}",2020-01-18 15:00:00,"{'w': '0.3048', 'd': '0.2539', 'l': '0.4413'}","{'h': '1', 'a': '1'}","{'id': '81', 'title': 'West Ham', 'short_title': 'WHU'}",11872,True,"{'h': '1.68436', 'a': '1.95473'}"
226,"{'id': '80', 'title': 'Chelsea', 'short_title': 'CHE'}",2020-01-18 17:30:00,"{'w': '0.1176', 'd': '0.2097', 'l': '0.6727'}","{'h': '1', 'a': '0'}","{'id': '86', 'title': 'Newcastle United', 'short_title': 'NEW'}",11868,True,"{'h': '0.892988', 'a': '2.05436'}"
227,"{'id': '75', 'title': 'Leicester', 'short_title': 'LEI'}",2020-01-19 14:00:00,"{'w': '0.1548', 'd': '0.2598', 'l': '0.5854'}","{'h': '2', 'a': '1'}","{'id': '92', 'title': 'Burnley', 'short_title': 'BUR'}",11866,True,"{'h': '1.50886', 'a': '2.33415'}"
228,"{'id': '89', 'title': 'Manchester United', 'short_title': 'MUN'}",2020-01-19 16:30:00,"{'w': '0.5023', 'd': '0.258', 'l': '0.2397'}","{'h': '2', 'a': '0'}","{'id': '87', 'title': 'Liverpool', 'short_title': 'LIV'}",11865,True,"{'h': '2.00655', 'a': '1.4185'}"
229,"{'id': '90', 'title': 'Watford', 'short_title': 'WAT'}",2020-01-21 19:30:00,"{'w': '0.1601', 'd': '0.2474', 'l': '0.5925'}","{'h': '2', 'a': '1'}","{'id': '71', 'title': 'Aston Villa', 'short_title': 'AVL'}",11873,True,"{'h': '1.06739', 'a': '1.81101'}"
230,"{'id': '88', 'title': 'Manchester City', 'short_title': 'MCI'}",2020-01-21 19:30:00,"{'w': '0.0228', 'd': '0.0931', 'l': '0.8841'}","{'h': '0', 'a': '1'}","{'id': '238', 'title': 'Sheffield United', 'short_title': 'SHE'}",11875,True,"{'h': '0.774943', 'a': '2.873'}"
231,"{'id': '86', 'title': 'Newcastle United', 'short_title': 'NEW'}",2020-01-21 19:30:00,"{'w': '0.7659', 'd': '0.1706', 'l': '0.0635'}","{'h': '2', 'a': '2'}","{'id': '72', 'title': 'Everton', 'short_title': 'EVE'}",11877,True,"{'h': '2.05254', 'a': '0.570931'}"
232,"{'id': '220', 'title': 'Brighton', 'short_title': 'BRI'}",2020-01-21 19:30:00,"{'w': '0.3485', 'd': '0.2752', 'l': '0.3763'}","{'h': '3', 'a': '1'}","{'id': '73', 'title': 'Bournemouth', 'short_title': 'BOU'}",11878,True,"{'h': '1.92315', 'a': '1.97227'}"
233,"{'id': '74', 'title': 'Southampton', 'short_title': 'SOU'}",2020-01-21 19:30:00,"{'w': '0.1976', 'd': '0.3236', 'l': '0.4788'}","{'h': '0', 'a': '2'}","{'id': '78', 'title': 'Crystal Palace', 'short_title': 'CRY'}",11882,True,"{'h': '0.674589', 'a': '1.1306'}"
234,"{'id': '83', 'title': 'Arsenal', 'short_title': 'ARS'}",2020-01-21 20:15:00,"{'w': '0.9524', 'd': '0.0418', 'l': '0.0058'}","{'h': '2', 'a': '2'}","{'id': '80', 'title': 'Chelsea', 'short_title': 'CHE'}",11881,True,"{'h': '3.38612', 'a': '0.568077'}"
235,"{'id': '81', 'title': 'West Ham', 'short_title': 'WHU'}",2020-01-22 19:30:00,"{'w': '0.829', 'd': '0.1353', 'l': '0.0357'}","{'h': '4', 'a': '1'}","{'id': '75', 'title': 'Leicester', 'short_title': 'LEI'}",11876,True,"{'h': '2.91302', 'a': '1.16254'}"
236,"{'id': '79', 'title': 'Norwich', 'short_title': 'NOR'}",2020-01-22 19:30:00,"{'w': '0.5976', 'd': '0.2549', 'l': '0.1475'}","{'h': '2', 'a': '1'}","{'id': '82', 'title': 'Tottenham', 'short_title': 'TOT'}",11880,True,"{'h': '2.22282', 'a': '1.42472'}"
237,"{'id': '92', 'title': 'Burnley', 'short_title': 'BUR'}",2020-01-22 20:15:00,"{'w': '0.5315', 'd': '0.2893', 'l': '0.1792'}","{'h': '0', 'a': '2'}","{'id': '89', 'title': 'Manchester United', 'short_title': 'MUN'}",11879,True,"{'h': '1.416', 'a': '0.717284'}"
238,"{'id': '87', 'title': 'Liverpool', 'short_title': 'LIV'}",2020-01-23 20:00:00,"{'w': '0.4512', 'd': '0.25', 'l': '0.2988'}","{'h': '1', 'a': '2'}","{'id': '229', 'title': 'Wolverhampton Wanderers', 'short_title': 'WOL'}",11874,True,"{'h': '1.85442', 'a': '1.59024'}"
239,"{'id': '87', 'title': 'Liverpool', 'short_title': 'LIV'}",2020-01-29 19:45:00,"{'w': '0.0492', 'd': '0.1417', 'l': '0.8091'}","{'h': '0', 'a': '2'}","{'id': '81', 'title': 'West Ham', 'short_title': 'WHU'}",11822,True,"{'h': '0.878341', 'a': '2.59926'}"
240,"{'id': '80', 'title': 'Chelsea', 'short_title': 'CHE'}",2020-02-01 12:30:00,"{'w': '0.5887', 'd': '0.2617', 'l': '0.1496'}","{'h': '2', 'a': '2'}","{'id': '75', 'title': 'Leicester', 'short_title': 'LEI'}",11886,True,"{'h': '1.65956', 'a': '0.806995'}"
241,"{'id': '71', 'title': 'Aston Villa', 'short_title': 'AVL'}",2020-02-01 15:00:00,"{'w': '0.7011', 'd': '0.1708', 'l': '0.1281'}","{'h': '2', 'a': '1'}","{'id': '73', 'title': 'Bournemouth', 'short_title': 'BOU'}",11883,True,"{'h': '2.72236', 'a': '1.40955'}"
242,"{'id': '238', 'title': 'Sheffield United', 'short_title': 'SHE'}",2020-02-01 15:00:00,"{'w': '0.3565', 'd': '0.3416', 'l': '0.3019'}","{'h': '0', 'a': '1'}","{'id': '78', 'title': 'Crystal Palace', 'short_title': 'CRY'}",11885,True,"{'h': '0.970063', 'a': '0.860755'}"
243,"{'id': '74', 'title': 'Southampton', 'short_title': 'SOU'}",2020-02-01 15:00:00,"{'w': '0.9565', 'd': '0.035', 'l': '0.0085'}","{'h': '4', 'a': '0'}","{'id': '87', 'title': 'Liverpool', 'short_title': 'LIV'}",11887,True,"{'h': '3.7195', 'a': '0.716298'}"
244,"{'id': '79', 'title': 'Norwich', 'short_title': 'NOR'}",2020-02-01 15:00:00,"{'w': '0.0835', 'd': '0.1615', 'l': '0.755'}","{'h': '0', 'a': '0'}","{'id': '86', 'title': 'Newcastle United', 'short_title': 'NEW'}",11889,True,"{'h': '0.937293', 'a': '2.39985'}"
245,"{'id': '72', 'title': 'Everton', 'short_title': 'EVE'}",2020-02-01 15:00:00,"{'w': '0.0386', 'd': '0.12', 'l': '0.8414'}","{'h': '2', 'a': '3'}","{'id': '90', 'title': 'Watford', 'short_title': 'WAT'}",11891,True,"{'h': '0.919248', 'a': '2.70178'}"
246,"{'id': '220', 'title': 'Brighton', 'short_title': 'BRI'}",2020-02-01 15:00:00,"{'w': '0.2142', 'd': '0.2356', 'l': '0.5502'}","{'h': '3', 'a': '3'}","{'id': '81', 'title': 'West Ham', 'short_title': 'WHU'}",11892,True,"{'h': '1.30774', 'a': '2.03179'}"
247,"{'id': '229', 'title': 'Wolverhampton Wanderers', 'short_title': 'WOL'}",2020-02-01 17:30:00,"{'w': '0.2764', 'd': '0.2711', 'l': '0.4525'}","{'h': '0', 'a': '0'}","{'id': '89', 'title': 'Manchester United', 'short_title': 'MUN'}",11888,True,"{'h': '1.18608', 'a': '1.54211'}"
248,"{'id': '83', 'title': 'Arsenal', 'short_title': 'ARS'}",2020-02-02 14:00:00,"{'w': '0.5772', 'd': '0.2186', 'l': '0.2042'}","{'h': '0', 'a': '0'}","{'id': '92', 'title': 'Burnley', 'short_title': 'BUR'}",11884,True,"{'h': '2.24562', 'a': '1.48025'}"
249,"{'id': '88', 'title': 'Manchester City', 'short_title': 'MCI'}",2020-02-02 16:30:00,"{'w': '0.0069', 'd': '0.0363', 'l': '0.9568'}","{'h': '2', 'a': '0'}","{'id': '82', 'title': 'Tottenham', 'short_title': 'TOT'}",11890,True,"{'h': '0.420293', 'a': '3.25139'}"
250,"{'id': '78', 'title': 'Crystal Palace', 'short_title': 'CRY'}",2020-02-08 12:30:00,"{'w': '0.8528', 'd': '0.1105', 'l': '0.0367'}","{'h': '3', 'a': '1'}","{'id': '72', 'title': 'Everton', 'short_title': 'EVE'}",11897,True,"{'h': '2.79103', 'a': '0.865323'}"
251,"{'id': '90', 'title': 'Watford', 'short_title': 'WAT'}",2020-02-08 17:30:00,"{'w': '0.4631', 'd': '0.4184', 'l': '0.1185'}","{'h': '1', 'a': '1'}","{'id': '220', 'title': 'Brighton', 'short_title': 'BRI'}",11895,True,"{'h': '0.76201', 'a': '0.280048'}"
252,"{'id': '73', 'title': 'Bournemouth', 'short_title': 'BOU'}",2020-02-09 14:00:00,"{'w': '0.6383', 'd': '0.226', 'l': '0.1357'}","{'h': '2', 'a': '1'}","{'id': '238', 'title': 'Sheffield United', 'short_title': 'SHE'}",11900,True,"{'h': '2.04467', 'a': '1.07183'}"
253,"{'id': '75', 'title': 'Leicester', 'short_title': 'LEI'}",2020-02-14 20:00:00,"{'w': '0.5283', 'd': '0.311', 'l': '0.1607'}","{'h': '0', 'a': '0'}","{'id': '229', 'title': 'Wolverhampton Wanderers', 'short_title': 'WOL'}",11902,True,"{'h': '1.14491', 'a': '0.527366'}"
254,"{'id': '92', 'title': 'Burnley', 'short_title': 'BUR'}",2020-02-15 12:30:00,"{'w': '0.2518', 'd': '0.3497', 'l': '0.3985'}","{'h': '1', 'a': '2'}","{'id': '74', 'title': 'Southampton', 'short_title': 'SOU'}",11901,True,"{'h': '0.694025', 'a': '0.892699'}"
255,"{'id': '87', 'title': 'Liverpool', 'short_title': 'LIV'}",2020-02-15 17:30:00,"{'w': '0.0262', 'd': '0.1252', 'l': '0.8486'}","{'h': '0', 'a': '1'}","{'id': '79', 'title': 'Norwich', 'short_title': 'NOR'}",11899,True,"{'h': '0.383495', 'a': '2.07331'}"
256,"{'id': '82', 'title': 'Tottenham', 'short_title': 'TOT'}",2020-02-16 14:00:00,"{'w': '0.0761', 'd': '0.1094', 'l': '0.8145'}","{'h': '2', 'a': '3'}","{'id': '71', 'title': 'Aston Villa', 'short_title': 'AVL'}",11894,True,"{'h': '1.71313', 'a': '3.86024'}"
257,"{'id': '86', 'title': 'Newcastle United', 'short_title': 'NEW'}",2020-02-16 16:30:00,"{'w': '0.8118', 'd': '0.126', 'l': '0.0622'}","{'h': '4', 'a': '0'}","{'id': '83', 'title': 'Arsenal', 'short_title': 'ARS'}",11893,True,"{'h': '3.02257', 'a': '1.16662'}"
258,"{'id': '89', 'title': 'Manchester United', 'short_title': 'MUN'}",2020-02-17 20:00:00,"{'w': '0.3915', 'd': '0.3491', 'l': '0.2594'}","{'h': '0', 'a': '2'}","{'id': '80', 'title': 'Chelsea', 'short_title': 'CHE'}",11896,True,"{'h': '0.940204', 'a': '0.681814'}"
259,"{'id': '81', 'title': 'West Ham', 'short_title': 'WHU'}",2020-02-19 19:30:00,"{'w': '0.8968', 'd': '0.0955', 'l': '0.0077'}","{'h': '2', 'a': '0'}","{'id': '88', 'title': 'Manchester City', 'short_title': 'MCI'}",11898,True,"{'h': '2.13777', 'a': '0.0895892'}"
260,"{'id': '82', 'title': 'Tottenham', 'short_title': 'TOT'}",2020-02-22 12:30:00,"{'w': '0.8213', 'd': '0.1481', 'l': '0.0306'}","{'h': '2', 'a': '1'}","{'id': '80', 'title': 'Chelsea', 'short_title': 'CHE'}",11906,True,"{'h': '1.78193', 'a': '0.265879'}"
261,"{'id': '86', 'title': 'Newcastle United', 'short_title': 'NEW'}",2020-02-22 15:00:00,"{'w': '0.8231', 'd': '0.1531', 'l': '0.0238'}","{'h': '1', 'a': '0'}","{'id': '78', 'title': 'Crystal Palace', 'short_title': 'CRY'}",11905,True,"{'h': '1.75552', 'a': '0.164495'}"
262,"{'id': '73', 'title': 'Bournemouth', 'short_title': 'BOU'}",2020-02-22 15:00:00,"{'w': '0.6945', 'd': '0.1712', 'l': '0.1343'}","{'h': '3', 'a': '0'}","{'id': '92', 'title': 'Burnley', 'short_title': 'BUR'}",11907,True,"{'h': '3.09935', 'a': '1.75718'}"
263,"{'id': '71', 'title': 'Aston Villa', 'short_title': 'AVL'}",2020-02-22 15:00:00,"{'w': '0.9014', 'd': '0.0788', 'l': '0.0198'}","{'h': '2', 'a': '0'}","{'id': '74', 'title': 'Southampton', 'short_title': 'SOU'}",11908,True,"{'h': '3.02926', 'a': '0.47235'}"
264,"{'id': '220', 'title': 'Brighton', 'short_title': 'BRI'}",2020-02-22 15:00:00,"{'w': '0.5221', 'd': '0.2759', 'l': '0.202'}","{'h': '1', 'a': '1'}","{'id': '238', 'title': 'Sheffield United', 'short_title': 'SHE'}",11909,True,"{'h': '1.6597', 'a': '1.06035'}"
265,"{'id': '88', 'title': 'Manchester City', 'short_title': 'MCI'}",2020-02-22 17:30:00,"{'w': '0.054', 'd': '0.1328', 'l': '0.8132'}","{'h': '0', 'a': '1'}","{'id': '75', 'title': 'Leicester', 'short_title': 'LEI'}",11904,True,"{'h': '0.723269', 'a': '2.42749'}"
266,"{'id': '90', 'title': 'Watford', 'short_title': 'WAT'}",2020-02-23 14:00:00,"{'w': '0.9024', 'd': '0.0808', 'l': '0.0168'}","{'h': '3', 'a': '0'}","{'id': '89', 'title': 'Manchester United', 'short_title': 'MUN'}",11910,True,"{'h': '2.5042', 'a': '0.294956'}"
267,"{'id': '79', 'title': 'Norwich', 'short_title': 'NOR'}",2020-02-23 14:00:00,"{'w': '0.9761', 'd': '0.0212', 'l': '0.0027'}","{'h': '3', 'a': '0'}","{'id': '229', 'title': 'Wolverhampton Wanderers', 'short_title': 'WOL'}",11912,True,"{'h': '3.25033', 'a': '0.360646'}"
268,"{'id': '72', 'title': 'Everton', 'short_title': 'EVE'}",2020-02-23 16:30:00,"{'w': '0.0959', 'd': '0.1757', 'l': '0.7284'}","{'h': '3', 'a': '2'}","{'id': '83', 'title': 'Arsenal', 'short_title': 'ARS'}",11903,True,"{'h': '1.33567', 'a': '2.65691'}"
269,"{'id': '81', 'title': 'West Ham', 'short_title': 'WHU'}",2020-02-24 20:00:00,"{'w': '0.8423', 'd': '0.1185', 'l': '0.0392'}","{'h': '3', 'a': '2'}","{'id': '87', 'title': 'Liverpool', 'short_title': 'LIV'}",11911,True,"{'h': '2.48209', 'a': '0.638236'}"
270,"{'id': '75', 'title': 'Leicester', 'short_title': 'LEI'}",2020-02-28 20:00:00,"{'w': '0.1394', 'd': '0.2704', 'l': '0.5902'}","{'h': '1', 'a': '0'}","{'id': '79', 'title': 'Norwich', 'short_title': 'NOR'}",11919,True,"{'h': '0.591716', 'a': '1.42581'}"
271,"{'id': '78', 'title': 'Crystal Palace', 'short_title': 'CRY'}",2020-02-29 12:30:00,"{'w': '0.2966', 'd': '0.2252', 'l': '0.4782'}","{'h': '0', 'a': '1'}","{'id': '220', 'title': 'Brighton', 'short_title': 'BRI'}",11915,True,"{'h': '1.78712', 'a': '2.17159'}"
272,"{'id': '238', 'title': 'Sheffield United', 'short_title': 'SHE'}",2020-02-29 15:00:00,,"{'h': None, 'a': None}","{'id': '71', 'title': 'Aston Villa', 'short_title': 'AVL'}",11913,False,"{'h': None, 'a': None}"
273,"{'id': '80', 'title': 'Chelsea', 'short_title': 'CHE'}",2020-02-29 15:00:00,"{'w': '0.2643', 'd': '0.2632', 'l': '0.4725'}","{'h': '2', 'a': '2'}","{'id': '73', 'title': 'Bournemouth', 'short_title': 'BOU'}",11914,True,"{'h': '1.58495', 'a': '1.98271'}"
274,"{'id': '92', 'title': 'Burnley', 'short_title': 'BUR'}",2020-02-29 15:00:00,"{'w': '0.4773', 'd': '0.3307', 'l': '0.192'}","{'h': '0', 'a': '0'}","{'id': '86', 'title': 'Newcastle United', 'short_title': 'NEW'}",11918,True,"{'h': '1.11713', 'a': '0.617612'}"
275,"{'id': '74', 'title': 'Southampton', 'short_title': 'SOU'}",2020-02-29 15:00:00,"{'w': '0.8335', 'd': '0.1123', 'l': '0.0542'}","{'h': '3', 'a': '1'}","{'id': '81', 'title': 'West Ham', 'short_title': 'WHU'}",11922,True,"{'h': '2.78682', 'a': '0.868573'}"
276,"{'id': '87', 'title': 'Liverpool', 'short_title': 'LIV'}",2020-02-29 17:30:00,"{'w': '0.95', 'd': '0.0442', 'l': '0.0058'}","{'h': '3', 'a': '0'}","{'id': '90', 'title': 'Watford', 'short_title': 'WAT'}",11921,True,"{'h': '2.71351', 'a': '0.206031'}"
277,"{'id': '89', 'title': 'Manchester United', 'short_title': 'MUN'}",2020-03-01 14:00:00,"{'w': '0.7023', 'd': '0.1877', 'l': '0.11'}","{'h': '1', 'a': '1'}","{'id': '72', 'title': 'Everton', 'short_title': 'EVE'}",11916,True,"{'h': '2.41259', 'a': '1.12561'}"
278,"{'id': '229', 'title': 'Wolverhampton Wanderers', 'short_title': 'WOL'}",2020-03-01 14:00:00,"{'w': '0.1427', 'd': '0.2177', 'l': '0.6396'}","{'h': '2', 'a': '3'}","{'id': '82', 'title': 'Tottenham', 'short_title': 'TOT'}",11920,True,"{'h': '1.63079', 'a': '2.62251'}"
279,"{'id': '73', 'title': 'Bournemouth', 'short_title': 'BOU'}",2020-03-07 12:30:00,"{'w': '0.524', 'd': '0.2751', 'l': '0.2009'}","{'h': '2', 'a': '1'}","{'id': '87', 'title': 'Liverpool', 'short_title': 'LIV'}",11928,True,"{'h': '1.89453', 'a': '1.29544'}"
280,"{'id': '81', 'title': 'West Ham', 'short_title': 'WHU'}",2020-03-07 15:00:00,"{'w': '0.3429', 'd': '0.2922', 'l': '0.3649'}","{'h': '1', 'a': '0'}","{'id': '83', 'title': 'Arsenal', 'short_title': 'ARS'}",11923,True,"{'h': '1.55974', 'a': '1.61615'}"
281,"{'id': '90', 'title': 'Watford', 'short_title': 'WAT'}",2020-03-07 15:00:00,"{'w': '0.4571', 'd': '0.3684', 'l': '0.1745'}","{'h': '1', 'a': '0'}","{'id': '78', 'title': 'Crystal Palace', 'short_title': 'CRY'}",11926,True,"{'h': '0.856107', 'a': '0.449161'}"
282,"{'id': '79', 'title': 'Norwich', 'short_title': 'NOR'}",2020-03-07 15:00:00,"{'w': '0.0689', 'd': '0.1609', 'l': '0.7702'}","{'h': '1', 'a': '0'}","{'id': '238', 'title': 'Sheffield United', 'short_title': 'SHE'}",11929,True,"{'h': '1.17263', 'a': '2.55449'}"
283,"{'id': '86', 'title': 'Newcastle United', 'short_title': 'NEW'}",2020-03-07 15:00:00,"{'w': '0.0066', 'd': '0.0362', 'l': '0.9572'}","{'h': '0', 'a': '1'}","{'id': '74', 'title': 'Southampton', 'short_title': 'SOU'}",11930,True,"{'h': '0.348871', 'a': '3.06384'}"
284,"{'id': '220', 'title': 'Brighton', 'short_title': 'BRI'}",2020-03-07 15:00:00,"{'w': '0.5107', 'd': '0.3715', 'l': '0.1178'}","{'h': '0', 'a': '0'}","{'id': '229', 'title': 'Wolverhampton Wanderers', 'short_title': 'WOL'}",11931,True,"{'h': '0.898221', 'a': '0.308874'}"
285,"{'id': '82', 'title': 'Tottenham', 'short_title': 'TOT'}",2020-03-07 17:30:00,"{'w': '0.8821', 'd': '0.0881', 'l': '0.0298'}","{'h': '1', 'a': '1'}","{'id': '92', 'title': 'Burnley', 'short_title': 'BUR'}",11924,True,"{'h': '3.33302', 'a': '1.13669'}"
286,"{'id': '72', 'title': 'Everton', 'short_title': 'EVE'}",2020-03-08 14:00:00,"{'w': '0.7935', 'd': '0.1647', 'l': '0.0418'}","{'h': '4', 'a': '0'}","{'id': '80', 'title': 'Chelsea', 'short_title': 'CHE'}",11925,True,"{'h': '2.02883', 'a': '0.445922'}"
287,"{'id': '88', 'title': 'Manchester City', 'short_title': 'MCI'}",2020-03-08 16:30:00,"{'w': '0.7359', 'd': '0.2192', 'l': '0.0449'}","{'h': '2', 'a': '0'}","{'id': '89', 'title': 'Manchester United', 'short_title': 'MUN'}",11932,True,"{'h': '1.7389', 'a': '0.585469'}"
288,"{'id': '71', 'title': 'Aston Villa', 'short_title': 'AVL'}",2020-03-09 20:00:00,"{'w': '0.8191', 'd': '0.1377', 'l': '0.0432'}","{'h': '4', 'a': '0'}","{'id': '75', 'title': 'Leicester', 'short_title': 'LEI'}",11927,True,"{'h': '2.41239', 'a': '0.672448'}"
289,"{'id': '83', 'title': 'Arsenal', 'short_title': 'ARS'}",2020-03-11 19:30:00,,"{'h': None, 'a': None}","{'id': '88', 'title': 'Manchester City', 'short_title': 'MCI'}",11917,False,"{'h': None, 'a': None}"
290,"{'id': '75', 'title': 'Leicester', 'short_title': 'LEI'}",2020-03-14 12:30:00,,"{'h': None, 'a': None}","{'id': '90', 'title': 'Watford', 'short_title': 'WAT'}",11935,False,"{'h': None, 'a': None}"
291,"{'id': '74', 'title': 'Southampton', 'short_title': 'SOU'}",2020-03-14 15:00:00,,"{'h': None, 'a': None}","{'id': '79', 'title': 'Norwich', 'short_title': 'NOR'}",11937,False,"{'h': None, 'a': None}"
292,"{'id': '238', 'title': 'Sheffield United', 'short_title': 'SHE'}",2020-03-14 15:00:00,,"{'h': None, 'a': None}","{'id': '86', 'title': 'Newcastle United', 'short_title': 'NEW'}",11938,False,"{'h': None, 'a': None}"
293,"{'id': '92', 'title': 'Burnley', 'short_title': 'BUR'}",2020-03-14 15:00:00,,"{'h': None, 'a': None}","{'id': '88', 'title': 'Manchester City', 'short_title': 'MCI'}",11939,False,"{'h': None, 'a': None}"
294,"{'id': '83', 'title': 'Arsenal', 'short_title': 'ARS'}",2020-03-14 15:00:00,,"{'h': None, 'a': None}","{'id': '220', 'title': 'Brighton', 'short_title': 'BRI'}",11941,False,"{'h': None, 'a': None}"
295,"{'id': '78', 'title': 'Crystal Palace', 'short_title': 'CRY'}",2020-03-14 15:00:00,,"{'h': None, 'a': None}","{'id': '73', 'title': 'Bournemouth', 'short_title': 'BOU'}",11942,False,"{'h': None, 'a': None}"
296,"{'id': '80', 'title': 'Chelsea', 'short_title': 'CHE'}",2020-03-14 17:30:00,,"{'h': None, 'a': None}","{'id': '71', 'title': 'Aston Villa', 'short_title': 'AVL'}",11933,False,"{'h': None, 'a': None}"
297,"{'id': '229', 'title': 'Wolverhampton Wanderers', 'short_title': 'WOL'}",2020-03-15 14:00:00,,"{'h': None, 'a': None}","{'id': '81', 'title': 'West Ham', 'short_title': 'WHU'}",11934,False,"{'h': None, 'a': None}"
298,"{'id': '89', 'title': 'Manchester United', 'short_title': 'MUN'}",2020-03-15 16:30:00,,"{'h': None, 'a': None}","{'id': '82', 'title': 'Tottenham', 'short_title': 'TOT'}",11936,False,"{'h': None, 'a': None}"
299,"{'id': '87', 'title': 'Liverpool', 'short_title': 'LIV'}",2020-03-16 20:00:00,,"{'h': None, 'a': None}","{'id': '72', 'title': 'Everton', 'short_title': 'EVE'}",11940,False,"{'h': None, 'a': None}"
300,"{'id': '81', 'title': 'West Ham', 'short_title': 'WHU'}",2020-03-20 20:00:00,,"{'h': None, 'a': None}","{'id': '82', 'title': 'Tottenham', 'short_title': 'TOT'}",11944,False,"{'h': None, 'a': None}"
301,"{'id': '88', 'title': 'Manchester City', 'short_title': 'MCI'}",2020-03-21 12:30:00,,"{'h': None, 'a': None}","{'id': '80', 'title': 'Chelsea', 'short_title': 'CHE'}",11946,False,"{'h': None, 'a': None}"
302,"{'id': '90', 'title': 'Watford', 'short_title': 'WAT'}",2020-03-21 15:00:00,,"{'h': None, 'a': None}","{'id': '92', 'title': 'Burnley', 'short_title': 'BUR'}",11943,False,"{'h': None, 'a': None}"
303,"{'id': '72', 'title': 'Everton', 'short_title': 'EVE'}",2020-03-21 15:00:00,,"{'h': None, 'a': None}","{'id': '79', 'title': 'Norwich', 'short_title': 'NOR'}",11948,False,"{'h': None, 'a': None}"
304,"{'id': '71', 'title': 'Aston Villa', 'short_title': 'AVL'}",2020-03-21 15:00:00,,"{'h': None, 'a': None}","{'id': '86', 'title': 'Newcastle United', 'short_title': 'NEW'}",11949,False,"{'h': None, 'a': None}"
305,"{'id': '78', 'title': 'Crystal Palace', 'short_title': 'CRY'}",2020-03-21 17:30:00,,"{'h': None, 'a': None}","{'id': '87', 'title': 'Liverpool', 'short_title': 'LIV'}",11951,False,"{'h': None, 'a': None}"
306,"{'id': '220', 'title': 'Brighton', 'short_title': 'BRI'}",2020-03-22 14:00:00,,"{'h': None, 'a': None}","{'id': '75', 'title': 'Leicester', 'short_title': 'LEI'}",11945,False,"{'h': None, 'a': None}"
307,"{'id': '73', 'title': 'Bournemouth', 'short_title': 'BOU'}",2020-03-22 14:00:00,,"{'h': None, 'a': None}","{'id': '229', 'title': 'Wolverhampton Wanderers', 'short_title': 'WOL'}",11947,False,"{'h': None, 'a': None}"
308,"{'id': '238', 'title': 'Sheffield United', 'short_title': 'SHE'}",2020-03-22 15:00:00,,"{'h': None, 'a': None}","{'id': '89', 'title': 'Manchester United', 'short_title': 'MUN'}",11950,False,"{'h': None, 'a': None}"
309,"{'id': '83', 'title': 'Arsenal', 'short_title': 'ARS'}",2020-03-22 16:30:00,,"{'h': None, 'a': None}","{'id': '74', 'title': 'Southampton', 'short_title': 'SOU'}",11952,False,"{'h': None, 'a': None}"
310,"{'id': '79', 'title': 'Norwich', 'short_title': 'NOR'}",2020-04-04 14:00:00,,"{'h': None, 'a': None}","{'id': '83', 'title': 'Arsenal', 'short_title': 'ARS'}",11953,False,"{'h': None, 'a': None}"
311,"{'id': '229', 'title': 'Wolverhampton Wanderers', 'short_title': 'WOL'}",2020-04-04 14:00:00,,"{'h': None, 'a': None}","{'id': '71', 'title': 'Aston Villa', 'short_title': 'AVL'}",11954,False,"{'h': None, 'a': None}"
312,"{'id': '86', 'title': 'Newcastle United', 'short_title': 'NEW'}",2020-04-04 14:00:00,,"{'h': None, 'a': None}","{'id': '73', 'title': 'Bournemouth', 'short_title': 'BOU'}",11955,False,"{'h': None, 'a': None}"
313,"{'id': '89', 'title': 'Manchester United', 'short_title': 'MUN'}",2020-04-04 14:00:00,,"{'h': None, 'a': None}","{'id': '220', 'title': 'Brighton', 'short_title': 'BRI'}",11956,False,"{'h': None, 'a': None}"
314,"{'id': '92', 'title': 'Burnley', 'short_title': 'BUR'}",2020-04-04 14:00:00,,"{'h': None, 'a': None}","{'id': '78', 'title': 'Crystal Palace', 'short_title': 'CRY'}",11957,False,"{'h': None, 'a': None}"
315,"{'id': '75', 'title': 'Leicester', 'short_title': 'LEI'}",2020-04-04 14:00:00,,"{'h': None, 'a': None}","{'id': '72', 'title': 'Everton', 'short_title': 'EVE'}",11958,False,"{'h': None, 'a': None}"
316,"{'id': '87', 'title': 'Liverpool', 'short_title': 'LIV'}",2020-04-04 14:00:00,,"{'h': None, 'a': None}","{'id': '88', 'title': 'Manchester City', 'short_title': 'MCI'}",11959,False,"{'h': None, 'a': None}"
317,"{'id': '82', 'title': 'Tottenham', 'short_title': 'TOT'}",2020-04-04 14:00:00,,"{'h': None, 'a': None}","{'id': '238', 'title': 'Sheffield United', 'short_title': 'SHE'}",11960,False,"{'h': None, 'a': None}"
318,"{'id': '74', 'title': 'Southampton', 'short_title': 'SOU'}",2020-04-04 14:00:00,,"{'h': None, 'a': None}","{'id': '90', 'title': 'Watford', 'short_title': 'WAT'}",11961,False,"{'h': None, 'a': None}"
319,"{'id': '80', 'title': 'Chelsea', 'short_title': 'CHE'}",2020-04-04 14:00:00,,"{'h': None, 'a': None}","{'id': '81', 'title': 'West Ham', 'short_title': 'WHU'}",11962,False,"{'h': None, 'a': None}"
320,"{'id': '238', 'title': 'Sheffield United', 'short_title': 'SHE'}",2020-04-11 14:00:00,,"{'h': None, 'a': None}","{'id': '92', 'title': 'Burnley', 'short_title': 'BUR'}",11963,False,"{'h': None, 'a': None}"
321,"{'id': '90', 'title': 'Watford', 'short_title': 'WAT'}",2020-04-11 14:00:00,,"{'h': None, 'a': None}","{'id': '80', 'title': 'Chelsea', 'short_title': 'CHE'}",11964,False,"{'h': None, 'a': None}"
322,"{'id': '78', 'title': 'Crystal Palace', 'short_title': 'CRY'}",2020-04-11 14:00:00,,"{'h': None, 'a': None}","{'id': '75', 'title': 'Leicester', 'short_title': 'LEI'}",11965,False,"{'h': None, 'a': None}"
323,"{'id': '71', 'title': 'Aston Villa', 'short_title': 'AVL'}",2020-04-11 14:00:00,,"{'h': None, 'a': None}","{'id': '87', 'title': 'Liverpool', 'short_title': 'LIV'}",11966,False,"{'h': None, 'a': None}"
324,"{'id': '73', 'title': 'Bournemouth', 'short_title': 'BOU'}",2020-04-11 14:00:00,,"{'h': None, 'a': None}","{'id': '89', 'title': 'Manchester United', 'short_title': 'MUN'}",11967,False,"{'h': None, 'a': None}"
325,"{'id': '81', 'title': 'West Ham', 'short_title': 'WHU'}",2020-04-11 14:00:00,,"{'h': None, 'a': None}","{'id': '86', 'title': 'Newcastle United', 'short_title': 'NEW'}",11968,False,"{'h': None, 'a': None}"
326,"{'id': '220', 'title': 'Brighton', 'short_title': 'BRI'}",2020-04-11 14:00:00,,"{'h': None, 'a': None}","{'id': '79', 'title': 'Norwich', 'short_title': 'NOR'}",11969,False,"{'h': None, 'a': None}"
327,"{'id': '88', 'title': 'Manchester City', 'short_title': 'MCI'}",2020-04-11 14:00:00,,"{'h': None, 'a': None}","{'id': '74', 'title': 'Southampton', 'short_title': 'SOU'}",11970,False,"{'h': None, 'a': None}"
328,"{'id': '72', 'title': 'Everton', 'short_title': 'EVE'}",2020-04-11 14:00:00,,"{'h': None, 'a': None}","{'id': '82', 'title': 'Tottenham', 'short_title': 'TOT'}",11971,False,"{'h': None, 'a': None}"
329,"{'id': '83', 'title': 'Arsenal', 'short_title': 'ARS'}",2020-04-11 14:00:00,,"{'h': None, 'a': None}","{'id': '229', 'title': 'Wolverhampton Wanderers', 'short_title': 'WOL'}",11972,False,"{'h': None, 'a': None}"
330,"{'id': '75', 'title': 'Leicester', 'short_title': 'LEI'}",2020-04-18 14:00:00,,"{'h': None, 'a': None}","{'id': '83', 'title': 'Arsenal', 'short_title': 'ARS'}",11973,False,"{'h': None, 'a': None}"
331,"{'id': '89', 'title': 'Manchester United', 'short_title': 'MUN'}",2020-04-18 14:00:00,,"{'h': None, 'a': None}","{'id': '71', 'title': 'Aston Villa', 'short_title': 'AVL'}",11974,False,"{'h': None, 'a': None}"
332,"{'id': '82', 'title': 'Tottenham', 'short_title': 'TOT'}",2020-04-18 14:00:00,,"{'h': None, 'a': None}","{'id': '73', 'title': 'Bournemouth', 'short_title': 'BOU'}",11975,False,"{'h': None, 'a': None}"
333,"{'id': '87', 'title': 'Liverpool', 'short_title': 'LIV'}",2020-04-18 14:00:00,,"{'h': None, 'a': None}","{'id': '220', 'title': 'Brighton', 'short_title': 'BRI'}",11976,False,"{'h': None, 'a': None}"
334,"{'id': '80', 'title': 'Chelsea', 'short_title': 'CHE'}",2020-04-18 14:00:00,,"{'h': None, 'a': None}","{'id': '78', 'title': 'Crystal Palace', 'short_title': 'CRY'}",11977,False,"{'h': None, 'a': None}"
335,"{'id': '74', 'title': 'Southampton', 'short_title': 'SOU'}",2020-04-18 14:00:00,,"{'h': None, 'a': None}","{'id': '72', 'title': 'Everton', 'short_title': 'EVE'}",11978,False,"{'h': None, 'a': None}"
336,"{'id': '86', 'title': 'Newcastle United', 'short_title': 'NEW'}",2020-04-18 14:00:00,,"{'h': None, 'a': None}","{'id': '88', 'title': 'Manchester City', 'short_title': 'MCI'}",11979,False,"{'h': None, 'a': None}"
337,"{'id': '229', 'title': 'Wolverhampton Wanderers', 'short_title': 'WOL'}",2020-04-18 14:00:00,,"{'h': None, 'a': None}","{'id': '238', 'title': 'Sheffield United', 'short_title': 'SHE'}",11980,False,"{'h': None, 'a': None}"
338,"{'id': '79', 'title': 'Norwich', 'short_title': 'NOR'}",2020-04-18 14:00:00,,"{'h': None, 'a': None}","{'id': '90', 'title': 'Watford', 'short_title': 'WAT'}",11981,False,"{'h': None, 'a': None}"
339,"{'id': '92', 'title': 'Burnley', 'short_title': 'BUR'}",2020-04-18 14:00:00,,"{'h': None, 'a': None}","{'id': '81', 'title': 'West Ham', 'short_title': 'WHU'}",11982,False,"{'h': None, 'a': None}"
340,"{'id': '78', 'title': 'Crystal Palace', 'short_title': 'CRY'}",2020-04-25 14:00:00,,"{'h': None, 'a': None}","{'id': '71', 'title': 'Aston Villa', 'short_title': 'AVL'}",11983,False,"{'h': None, 'a': None}"
341,"{'id': '75', 'title': 'Leicester', 'short_title': 'LEI'}",2020-04-25 14:00:00,,"{'h': None, 'a': None}","{'id': '73', 'title': 'Bournemouth', 'short_title': 'BOU'}",11984,False,"{'h': None, 'a': None}"
342,"{'id': '88', 'title': 'Manchester City', 'short_title': 'MCI'}",2020-04-25 14:00:00,,"{'h': None, 'a': None}","{'id': '220', 'title': 'Brighton', 'short_title': 'BRI'}",11985,False,"{'h': None, 'a': None}"
343,"{'id': '92', 'title': 'Burnley', 'short_title': 'BUR'}",2020-04-25 14:00:00,,"{'h': None, 'a': None}","{'id': '87', 'title': 'Liverpool', 'short_title': 'LIV'}",11986,False,"{'h': None, 'a': None}"
344,"{'id': '74', 'title': 'Southampton', 'short_title': 'SOU'}",2020-04-25 14:00:00,,"{'h': None, 'a': None}","{'id': '89', 'title': 'Manchester United', 'short_title': 'MUN'}",11987,False,"{'h': None, 'a': None}"
345,"{'id': '81', 'title': 'West Ham', 'short_title': 'WHU'}",2020-04-25 14:00:00,,"{'h': None, 'a': None}","{'id': '79', 'title': 'Norwich', 'short_title': 'NOR'}",11988,False,"{'h': None, 'a': None}"
346,"{'id': '80', 'title': 'Chelsea', 'short_title': 'CHE'}",2020-04-25 14:00:00,,"{'h': None, 'a': None}","{'id': '238', 'title': 'Sheffield United', 'short_title': 'SHE'}",11989,False,"{'h': None, 'a': None}"
347,"{'id': '83', 'title': 'Arsenal', 'short_title': 'ARS'}",2020-04-25 14:00:00,,"{'h': None, 'a': None}","{'id': '82', 'title': 'Tottenham', 'short_title': 'TOT'}",11990,False,"{'h': None, 'a': None}"
348,"{'id': '86', 'title': 'Newcastle United', 'short_title': 'NEW'}",2020-04-25 14:00:00,,"{'h': None, 'a': None}","{'id': '90', 'title': 'Watford', 'short_title': 'WAT'}",11991,False,"{'h': None, 'a': None}"
349,"{'id': '72', 'title': 'Everton', 'short_title': 'EVE'}",2020-04-25 14:00:00,,"{'h': None, 'a': None}","{'id': '229', 'title': 'Wolverhampton Wanderers', 'short_title': 'WOL'}",11992,False,"{'h': None, 'a': None}"
350,"{'id': '87', 'title': 'Liverpool', 'short_title': 'LIV'}",2020-05-02 14:00:00,,"{'h': None, 'a': None}","{'id': '83', 'title': 'Arsenal', 'short_title': 'ARS'}",11993,False,"{'h': None, 'a': None}"
351,"{'id': '229', 'title': 'Wolverhampton Wanderers', 'short_title': 'WOL'}",2020-05-02 14:00:00,,"{'h': None, 'a': None}","{'id': '92', 'title': 'Burnley', 'short_title': 'BUR'}",11994,False,"{'h': None, 'a': None}"
352,"{'id': '79', 'title': 'Norwich', 'short_title': 'NOR'}",2020-05-02 14:00:00,,"{'h': None, 'a': None}","{'id': '80', 'title': 'Chelsea', 'short_title': 'CHE'}",11995,False,"{'h': None, 'a': None}"
353,"{'id': '89', 'title': 'Manchester United', 'short_title': 'MUN'}",2020-05-02 14:00:00,,"{'h': None, 'a': None}","{'id': '78', 'title': 'Crystal Palace', 'short_title': 'CRY'}",11996,False,"{'h': None, 'a': None}"
354,"{'id': '71', 'title': 'Aston Villa', 'short_title': 'AVL'}",2020-05-02 14:00:00,,"{'h': None, 'a': None}","{'id': '72', 'title': 'Everton', 'short_title': 'EVE'}",11997,False,"{'h': None, 'a': None}"
355,"{'id': '238', 'title': 'Sheffield United', 'short_title': 'SHE'}",2020-05-02 14:00:00,,"{'h': None, 'a': None}","{'id': '75', 'title': 'Leicester', 'short_title': 'LEI'}",11998,False,"{'h': None, 'a': None}"
356,"{'id': '73', 'title': 'Bournemouth', 'short_title': 'BOU'}",2020-05-02 14:00:00,,"{'h': None, 'a': None}","{'id': '88', 'title': 'Manchester City', 'short_title': 'MCI'}",11999,False,"{'h': None, 'a': None}"
357,"{'id': '82', 'title': 'Tottenham', 'short_title': 'TOT'}",2020-05-02 14:00:00,,"{'h': None, 'a': None}","{'id': '86', 'title': 'Newcastle United', 'short_title': 'NEW'}",12000,False,"{'h': None, 'a': None}"
358,"{'id': '90', 'title': 'Watford', 'short_title': 'WAT'}",2020-05-02 14:00:00,,"{'h': None, 'a': None}","{'id': '81', 'title': 'West Ham', 'short_title': 'WHU'}",12001,False,"{'h': None, 'a': None}"
359,"{'id': '220', 'title': 'Brighton', 'short_title': 'BRI'}",2020-05-02 14:00:00,,"{'h': None, 'a': None}","{'id': '74', 'title': 'Southampton', 'short_title': 'SOU'}",12002,False,"{'h': None, 'a': None}"
360,"{'id': '83', 'title': 'Arsenal', 'short_title': 'ARS'}",2020-05-09 14:00:00,,"{'h': None, 'a': None}","{'id': '71', 'title': 'Aston Villa', 'short_title': 'AVL'}",12003,False,"{'h': None, 'a': None}"
361,"{'id': '74', 'title': 'Southampton', 'short_title': 'SOU'}",2020-05-09 14:00:00,,"{'h': None, 'a': None}","{'id': '73', 'title': 'Bournemouth', 'short_title': 'BOU'}",12004,False,"{'h': None, 'a': None}"
362,"{'id': '86', 'title': 'Newcastle United', 'short_title': 'NEW'}",2020-05-09 14:00:00,,"{'h': None, 'a': None}","{'id': '220', 'title': 'Brighton', 'short_title': 'BRI'}",12005,False,"{'h': None, 'a': None}"
363,"{'id': '80', 'title': 'Chelsea', 'short_title': 'CHE'}",2020-05-09 14:00:00,,"{'h': None, 'a': None}","{'id': '87', 'title': 'Liverpool', 'short_title': 'LIV'}",12006,False,"{'h': None, 'a': None}"
364,"{'id': '81', 'title': 'West Ham', 'short_title': 'WHU'}",2020-05-09 14:00:00,,"{'h': None, 'a': None}","{'id': '89', 'title': 'Manchester United', 'short_title': 'MUN'}",12007,False,"{'h': None, 'a': None}"
365,"{'id': '92', 'title': 'Burnley', 'short_title': 'BUR'}",2020-05-09 14:00:00,,"{'h': None, 'a': None}","{'id': '79', 'title': 'Norwich', 'short_title': 'NOR'}",12008,False,"{'h': None, 'a': None}"
366,"{'id': '72', 'title': 'Everton', 'short_title': 'EVE'}",2020-05-09 14:00:00,,"{'h': None, 'a': None}","{'id': '238', 'title': 'Sheffield United', 'short_title': 'SHE'}",12009,False,"{'h': None, 'a': None}"
367,"{'id': '75', 'title': 'Leicester', 'short_title': 'LEI'}",2020-05-09 14:00:00,,"{'h': None, 'a': None}","{'id': '82', 'title': 'Tottenham', 'short_title': 'TOT'}",12010,False,"{'h': None, 'a': None}"
368,"{'id': '88', 'title': 'Manchester City', 'short_title': 'MCI'}",2020-05-09 14:00:00,,"{'h': None, 'a': None}","{'id': '90', 'title': 'Watford', 'short_title': 'WAT'}",12011,False,"{'h': None, 'a': None}"
369,"{'id': '78', 'title': 'Crystal Palace', 'short_title': 'CRY'}",2020-05-09 14:00:00,,"{'h': None, 'a': None}","{'id': '229', 'title': 'Wolverhampton Wanderers', 'short_title': 'WOL'}",12012,False,"{'h': None, 'a': None}"
370,"{'id': '71', 'title': 'Aston Villa', 'short_title': 'AVL'}",2020-05-17 14:00:00,,"{'h': None, 'a': None}","{'id': '81', 'title': 'West Ham', 'short_title': 'WHU'}",12013,False,"{'h': None, 'a': None}"
371,"{'id': '90', 'title': 'Watford', 'short_title': 'WAT'}",2020-05-17 14:00:00,,"{'h': None, 'a': None}","{'id': '83', 'title': 'Arsenal', 'short_title': 'ARS'}",12014,False,"{'h': None, 'a': None}"
372,"{'id': '238', 'title': 'Sheffield United', 'short_title': 'SHE'}",2020-05-17 14:00:00,,"{'h': None, 'a': None}","{'id': '74', 'title': 'Southampton', 'short_title': 'SOU'}",12015,False,"{'h': None, 'a': None}"
373,"{'id': '87', 'title': 'Liverpool', 'short_title': 'LIV'}",2020-05-17 14:00:00,,"{'h': None, 'a': None}","{'id': '86', 'title': 'Newcastle United', 'short_title': 'NEW'}",12016,False,"{'h': None, 'a': None}"
374,"{'id': '79', 'title': 'Norwich', 'short_title': 'NOR'}",2020-05-17 14:00:00,,"{'h': None, 'a': None}","{'id': '88', 'title': 'Manchester City', 'short_title': 'MCI'}",12017,False,"{'h': None, 'a': None}"
375,"{'id': '89', 'title': 'Manchester United', 'short_title': 'MUN'}",2020-05-17 14:00:00,,"{'h': None, 'a': None}","{'id': '75', 'title': 'Leicester', 'short_title': 'LEI'}",12018,False,"{'h': None, 'a': None}"
376,"{'id': '73', 'title': 'Bournemouth', 'short_title': 'BOU'}",2020-05-17 14:00:00,,"{'h': None, 'a': None}","{'id': '72', 'title': 'Everton', 'short_title': 'EVE'}",12019,False,"{'h': None, 'a': None}"
377,"{'id': '82', 'title': 'Tottenham', 'short_title': 'TOT'}",2020-05-17 14:00:00,,"{'h': None, 'a': None}","{'id': '78', 'title': 'Crystal Palace', 'short_title': 'CRY'}",12020,False,"{'h': None, 'a': None}"
378,"{'id': '229', 'title': 'Wolverhampton Wanderers', 'short_title': 'WOL'}",2020-05-17 14:00:00,,"{'h': None, 'a': None}","{'id': '80', 'title': 'Chelsea', 'short_title': 'CHE'}",12021,False,"{'h': None, 'a': None}"
379,"{'id': '220', 'title': 'Brighton', 'short_title': 'BRI'}",2020-05-17 14:00:00,,"{'h': None, 'a': None}","{'id': '92', 'title': 'Burnley', 'short_title': 'BUR'}",12022,False,"{'h': None, 'a': None}"
